id	file
01-01	01-01_CYOA_--_Cave_of_Time_The_txt_nocounts_signature_011103811251233132201222241.png
01-01	01-01_CYOA_--_Cave_of_Time_The_txt_signature_011103811251233132201222241.png
01-05	01-05_CYOA_--_Cave_of_Time_The_txt_nocounts_signature_011104011301233132222241.png
01-05	01-05_CYOA_--_Cave_of_Time_The_txt_signature_011104011301233132222241.png
01-07	01-07_CYOA_--_Cave_of_Time_The_115_txt_nocounts_signature_014103811291233132202211222241.png
01-07	01-07_CYOA_--_Cave_of_Time_The_115_txt_signature_014103811291233132202211222241.png
01-07	01-07v2_CYOA_--_Cave_of_Time_The_115_txt_nocounts_signature_011103711101241131202211223421.png
01-07	01-07v2_CYOA_--_Cave_of_Time_The_115_txt_signature_011103711101241131202211223421.png
01-14	01-14_CYOA_--_By_Balloon_to_the_Sahara_txt_nocounts_signature_022103511161237132203214227231321.png
01-14	01-14_CYOA_--_By_Balloon_to_the_Sahara_txt_signature_022103511161237132203214227231321.png
01-16	01-16_CYOA_--_Space_and_Beyond_txt_nocounts_signature_104311181245322.png
01-16	01-16_CYOA_--_Space_and_Beyond_txt_signature_104311181245322.png
01-20	01-20_CYOA_--_Mystery_of_Chimney_Rock_The_txt_nocounts_signature_011103311231237131203227321.png
01-20	01-20_CYOA_--_Mystery_of_Chimney_Rock_The_txt_signature_011103311231237131203227321.png
01-24	01-24_CYOA_--_Your_Code_Name_is_Jonah_txt_nocounts_signature_011102511271227133202215223232311.png
01-24	01-24_CYOA_--_Your_Code_Name_is_Jonah_txt_signature_011102511271227133202215223232311.png
01-27	01-27_CYOA_--_Third_Planet_from_Altair_The_txt_nocounts_signature_011103711211233133201211225.png
01-27	01-27_CYOA_--_Third_Planet_from_Altair_The_txt_signature_011103711211233133201211225.png
01-29	01-29_CYOA_--_Deadwood_City_txt_nocounts_signature_011103611151232134201226321421.png
01-29	01-29_CYOA_--_Deadwood_City_txt_signature_011103611151232134201226321421.png
01-31	01-31_CYOA_--_Who_Killed_Harlowe_Thrombey_txt_nocounts_signature_01110131146121313814115221522531235150262172114121.png
01-31	01-31_CYOA_--_Who_Killed_Harlowe_Thrombey_txt_signature_01110131146121313814115221522531235150262172114121.png
01-32	01-32_CYOA_--_Who_Killed_Harlowe_Thrombey_txt_nocounts_signature_01110111147121313714115221522523131135141150262172114121.png
01-32	01-32_CYOA_--_Who_Killed_Harlowe_Thrombey_txt_signature_01110111147121313714115221522523131135141150262172114121.png
01-33	01-33_CYOA_--_Who_Killed_Harlowe_Thrombey_txt_nocounts_signature_01110101145121213915220121322431135141150262172114121.png
01-33	01-33_CYOA_--_Who_Killed_Harlowe_Thrombey_txt_signature_01110101145121213915220121322431135141150262172114121.png
01-35	01-35_CYOA_--_Lost_Jewels_of_Nabooti_The_txt_nocounts_signature_011103711251239201212231.png
01-35	01-35_CYOA_--_Lost_Jewels_of_Nabooti_The_txt_signature_011103711251239201212231.png
01-37	01-37_CYOA_--_Mystery_of_the_Maya_txt_nocounts_signature_011104311251247131201212521.png
01-37	01-37_CYOA_--_Mystery_of_the_Maya_txt_signature_011104311251247131201212521.png
01-39	01-39_CYOA_--_Inside_UFO_54-40_txt_nocounts_signature_012102911391226132201211221.png
01-39	01-39_CYOA_--_Inside_UFO_54-40_txt_signature_012102911391226132201211221.png
01-39	01-39v2_CYOA_--_Inside_UFO_54-40_labeled_txt_nocounts_signature_012102911391226132201211221.png
01-39	01-39v2_CYOA_--_Inside_UFO_54-40_labeled_txt_signature_012102911391226132201211221.png
01-42	01-42_CYOA_--_Abominable_Snowman_The__new_edition_from_Jeremy_collection_txt_nocounts_signature_011102811311229212221.png
01-42	01-42_CYOA_--_Abominable_Snowman_The__new_edition_from_Jeremy_collection_txt_signature_011102811311229212221.png
01-42	01-42_CYOA_--_Abominable_Snowman_The__old_edition_from_Katz_collection_txt_nocounts_signature_011102811341229212221.png
01-42	01-42_CYOA_--_Abominable_Snowman_The__old_edition_from_Katz_collection_txt_signature_011102811341229212221.png
01-42	01-42b_CYOA_--_Abominable_Snowman_The_txt_nocounts_signature_011103011281229131212221.png
01-42	01-42b_CYOA_--_Abominable_Snowman_The_txt_signature_011103011281229131212221.png
01-43	01-43_CYOA_--_Forbidden_Castle_The_txt_nocounts_signature_011102811341227131212221.png
01-43	01-43_CYOA_--_Forbidden_Castle_The_txt_signature_011102811341227131212221.png
01-45	01-45_CYOA_--_House_of_Danger_txt_nocounts_signature_011102011521219.png
01-45	01-45_CYOA_--_House_of_Danger_txt_signature_011102011521219.png
01-47	01-47_CYOA_--_Survival_at_Sea_txt_nocounts_signature_011102711411217133141.png
01-47	01-47_CYOA_--_Survival_at_Sea_txt_signature_011102711411217133141.png
01-48	01-48_CYOA_--_Race_Forever_The_txt_nocounts_signature_0121018114612292216211121.png
01-48	01-48_CYOA_--_Race_Forever_The_txt_signature_0121018114612292216211121.png
01-49	01-49_CYOA_--_Underground_Kingdom_txt_nocounts_signature_011102011451219131201211221231.png
01-49	01-49_CYOA_--_Underground_Kingdom_txt_signature_011102011451219131201211221231.png
01-50	01-50_CYOA_--_Secret_of_the_Pyramids_txt_nocounts_signature_011102211451222211.png
01-50	01-50_CYOA_--_Secret_of_the_Pyramids_txt_signature_011102211451222211.png
01-51	01-51_CYOA_--_Escape_txt_nocounts_signature_011102711411226221.png
01-51	01-51_CYOA_--_Escape_txt_signature_011102711411226221.png
01-52	01-52_CYOA_--_Hyperspace_txt_nocounts_signature_021101611571213133213221421.png
01-52	01-52_CYOA_--_Hyperspace_txt_signature_021101611571213133213221421.png
01-53	01-53_CYOA_--_Space_Patrol_txt_nocounts_signature_011102311371229132202211223411521.png
01-53	01-53_CYOA_--_Space_Patrol_txt_signature_011102311371229132202211223411521.png
01-55	01-55_CYOA_--_Lost_Tribe_The_txt_nocounts_signature_011103011331229.png
01-55	01-55_CYOA_--_Lost_Tribe_The_txt_signature_011103011331229.png
01-56	01-56_CYOA_--_Lost_on_the_Amazon_txt_nocounts_signature_011102811331224132211.png
01-56	01-56_CYOA_--_Lost_on_the_Amazon_txt_signature_011102811331224132211.png
01-57	01-57_CYOA_--_Prisoner_of_the_Ant_People_txt_nocounts_signature_011102811531220132141.png
01-57	01-57_CYOA_--_Prisoner_of_the_Ant_People_txt_signature_011102811531220132141.png
01-58	01-58_CYOA_--_Phantom_Submarine_The_txt_nocounts_signature_011102211481221.png
01-58	01-58_CYOA_--_Phantom_Submarine_The_txt_signature_011102211481221.png
01-59	01-59_CYOA_--_Horror_of_High_Ridge_The_txt_nocounts_signature_011102611351221134201212.png
01-59	01-59_CYOA_--_Horror_of_High_Ridge_The_txt_signature_011102611351221134201212.png
01-60	01-60_CYOA_--_Mountain_Survival_txt_nocounts_signature_011102511361222133214.png
01-60	01-60_CYOA_--_Mountain_Survival_txt_signature_011102511361222133214.png
01-61	01-61_CYOA_--_Trouble_on_Planet_Earth_txt_nocounts_signature_011102011471221201.png
01-61	01-61_CYOA_--_Trouble_on_Planet_Earth_txt_signature_011102011471221201.png
01-65	01-65_CYOA_--_Vampire_Express_txt_nocounts_signature_011102211561222131212221231311.png
01-65	01-65_CYOA_--_Vampire_Express_txt_signature_011102211561222131212221231311.png
01-65	01-65v2_CYOA_--_Vampire_Express_printing-error_txt_nocounts_signature_011102211561222131212221231311.png
01-65	01-65v2_CYOA_--_Vampire_Express_printing-error_txt_signature_011102211561222131212221231311.png
01-65	01-65v3_CYOA_--_Vampire_Express_broken_txt_nocounts_signature_012102311551222131212221231311.png
01-65	01-65v3_CYOA_--_Vampire_Express_broken_txt_signature_012102311551222131212221231311.png
03-01	03-01_CYOA_--_Inca_Gold_txt_nocounts_signature_011101611651213131.png
03-01	03-01_CYOA_--_Inca_Gold_txt_signature_011101611651213131.png
03-02	03-02_CYOA_--_Knights_of_the_Round_Table_txt_nocounts_signature_011102411401228213311.png
03-02	03-02_CYOA_--_Knights_of_the_Round_Table_txt_signature_011102411401228213311.png
03-03	03-03_CYOA_--_Exiled_to_Earth_txt_nocounts_signature_011101511531215211223.png
03-03	03-03_CYOA_--_Exiled_to_Earth_txt_signature_011101511531215211223.png
03-04	03-04_CYOA_--_Master_of_Kung_Fu_txt_nocounts_signature_011101511561216201.png
03-04	03-04_CYOA_--_Master_of_Kung_Fu_txt_signature_011101511561216201.png
03-05	03-05_CYOA_--_South_Pole_Sabotage_txt_nocounts_signature_011102011461221131214221.png
03-05	03-05_CYOA_--_South_Pole_Sabotage_txt_signature_011102011461221131214221.png
03-06	03-06_CYOA_--_Mutiny_in_Space_txt_nocounts_signature_011101511601215211.png
03-06	03-06_CYOA_--_Mutiny_in_Space_txt_signature_011101511601215211.png
03-07	03-07_CYOA_--_You_Are_a_Superstar_txt_nocounts_signature_01210151170127171211231.png
03-07	03-07_CYOA_--_You_Are_a_Superstar_txt_signature_01210151170127171211231.png
03-08	03-08_CYOA_--_Return_of_the_Ninja_txt_nocounts_signature_011102111461220.png
03-08	03-08_CYOA_--_Return_of_the_Ninja_txt_signature_011102111461220.png
03-09	03-09_CYOA_--_Captive_txt_nocounts_signature_012021102111421223213224411.png
03-09	03-09_CYOA_--_Captive_txt_signature_012021102111421223213224411.png
03-10	03-10_CYOA_--_Blood_on_the_Handle_txt_nocounts_signature_011101411601213.png
03-10	03-10_CYOA_--_Blood_on_the_Handle_txt_signature_011101411601213.png
03-11	03-11_CYOA_--_You_Are_a_Genius_txt_nocounts_signature_011101311641210131.png
03-11	03-11_CYOA_--_You_Are_a_Genius_txt_signature_011101311641210131.png
03-12	03-12_CYOA_--_Stock_Car_Champion_txt_nocounts_signature_011101311591214212.png
03-12	03-12_CYOA_--_Stock_Car_Champion_txt_signature_011101311591214212.png
03-13	03-13_CYOA_--_Through_the_Black_Hole_txt_nocounts_signature_011101511591215211.png
03-13	03-13_CYOA_--_Through_the_Black_Hole_txt_signature_011101511591215211.png
03-14	03-14_CYOA_--_You_Are_a_Millionaire_txt_nocounts_signature_011101711581216131212.png
03-14	03-14_CYOA_--_You_Are_a_Millionaire_txt_signature_011101711581216131212.png
03-15	03-15_CYOA_--_Revenge_of_the_Russian_Ghost_txt_nocounts_signature_011101611621213131.png
03-15	03-15_CYOA_--_Revenge_of_the_Russian_Ghost_txt_signature_011101611621213131.png
03-16	03-16_CYOA_--_Worst_Day_of_Your_Life_The_txt_nocounts_signature_011101311561215131201212321.png
03-16	03-16_CYOA_--_Worst_Day_of_Your_Life_The_txt_signature_011101311561215131201212321.png
03-17	03-17_CYOA_--_Alien_Go_Home_txt_nocounts_signature_011101611571215.png
03-17	03-17_CYOA_--_Alien_Go_Home_txt_signature_011101611571215.png
03-18	03-18_CYOA_--_Master_of_Tae_Kwon_Do_txt_nocounts_signature_011102011541221221311.png
03-18	03-18_CYOA_--_Master_of_Tae_Kwon_Do_txt_signature_011102011541221221311.png
03-19	03-19_CYOA_--_Grave_Robbers_txt_nocounts_signature_011101411591214211.png
03-19	03-19_CYOA_--_Grave_Robbers_txt_signature_011101411591214211.png
03-20	03-20_CYOA_--_Cobra_Connection_txt_nocounts_signature_011101511641214.png
03-20	03-20_CYOA_--_Cobra_Connection_txt_signature_011101511641214.png
03-21	03-21_CYOA_--_Treasure_of_the_Onyx_Dragon_The_txt_nocounts_signature_011101411661211131.png
03-21	03-21_CYOA_--_Treasure_of_the_Onyx_Dragon_The_txt_signature_011101411661211131.png
03-22	03-22_CYOA_--_Hijacked_txt_nocounts_signature_011101711601216.png
03-22	03-22_CYOA_--_Hijacked_txt_signature_011101711601216.png
03-23	03-23_CYOA_--_Fight_for_Freedom_txt_nocounts_signature_011101011711211212.png
03-23	03-23_CYOA_--_Fight_for_Freedom_txt_signature_011101011711211212.png
03-24	03-24_CYOA_--_Master_of_Karate_txt_nocounts_signature_011101311641213211.png
03-24	03-24_CYOA_--_Master_of_Karate_txt_signature_011101311641213211.png
03-25	03-25_CYOA_--_Chinese_Dragons_txt_nocounts_signature_011101111681210.png
03-25	03-25_CYOA_--_Chinese_Dragons_txt_signature_011101111681210.png
03-26	03-26_CYOA_--_Invaders_from_Within_txt_nocounts_signature_011101211671211.png
03-26	03-26_CYOA_--_Invaders_from_Within_txt_signature_011101211671211.png
03-27	03-27_CYOA_--_Smoke_Jumper_txt_nocounts_signature_01110121165129131.png
03-27	03-27_CYOA_--_Smoke_Jumper_txt_signature_01110121165129131.png
03-28	03-28_CYOA_--_Skateboard_Champion_txt_nocounts_signature_011101411581213131212.png
03-28	03-28_CYOA_--_Skateboard_Champion_txt_signature_011101411581213131212.png
03-29	03-29_CYOA_--_Lost_Ninja_The_txt_nocounts_signature_011101411621213.png
03-29	03-29_CYOA_--_Lost_Ninja_The_txt_signature_011101411621213.png
03-30	03-30_CYOA_--_Daredevil_Park_txt_nocounts_signature_011101111651211211.png
03-30	03-30_CYOA_--_Daredevil_Park_txt_signature_011101111651211211.png
03-31	03-31_CYOA_--_Island_of_Time_txt_nocounts_signature_011101211651211.png
03-31	03-31_CYOA_--_Island_of_Time_txt_signature_011101211651211.png
03-32	03-32_CYOA_--_Kidnapped_txt_nocounts_signature_011101211651212211.png
03-32	03-32_CYOA_--_Kidnapped_txt_signature_011101211651212211.png
03-33	03-33_CYOA_--_Search_for_Aladdins_Lamp_txt_nocounts_signature_011101211741210131211.png
03-33	03-33_CYOA_--_Search_for_Aladdins_Lamp_txt_signature_011101211741210131211.png
03-34	03-34_CYOA_--_Vampire_Invaders_txt_nocounts_signature_011101411571213131212221.png
03-34	03-34_CYOA_--_Vampire_Invaders_txt_signature_011101411571213131212221.png
03-35	03-35_CYOA_--_Terrorist_Trap_txt_nocounts_signature_012101311551213131214221.png
03-35	03-35_CYOA_--_Terrorist_Trap_txt_signature_012101311551213131214221.png
03-36	03-36_CYOA_--_Ghost_Train_txt_nocounts_signature_011101511631212131.png
03-36	03-36_CYOA_--_Ghost_Train_txt_signature_011101511631212131.png
03-37	03-37_CYOA_--_Behind_the_Wheel_txt_nocounts_signature_011101111651210.png
03-37	03-37_CYOA_--_Behind_the_Wheel_txt_signature_011101111651210.png
03-38	03-38_CYOA_--_Magic_Master_txt_nocounts_signature_011101411621211132212.png
03-38	03-38_CYOA_--_Magic_Master_txt_signature_011101411621211132212.png
03-39	03-39_CYOA_--_Silver_Wings_txt_nocounts_signature_01110111163129131211.png
03-39	03-39_CYOA_--_Silver_Wings_txt_signature_01110111163129131211.png
03-40	03-40_CYOA_--_Superbike_txt_nocounts_signature_011101211681210131211.png
03-40	03-40_CYOA_--_Superbike_txt_signature_011101211681210131211.png
03-41	03-41_CYOA_--_Outlaw_Gulch_txt_nocounts_signature_011101311691212.png
03-41	03-41_CYOA_--_Outlaw_Gulch_txt_signature_011101311691212.png
03-42	03-42_CYOA_--_Master_of_Martial_Arts_txt_nocounts_signature_011101211621213212.png
03-42	03-42_CYOA_--_Master_of_Martial_Arts_txt_signature_011101211621213212.png
03-43	03-43_CYOA_--_Showdown_txt_nocounts_signature_011101411601213.png
03-43	03-43_CYOA_--_Showdown_txt_signature_011101411601213.png
03-44	03-44_CYOA_--_Viking_Raiders_txt_nocounts_signature_011101211671211.png
03-44	03-44_CYOA_--_Viking_Raiders_txt_signature_011101211671211.png
03-45	03-45_CYOA_--_Earthquake_txt_nocounts_signature_011101211651211.png
03-45	03-45_CYOA_--_Earthquake_txt_signature_011101211651211.png
03-46	03-46_CYOA_--_You_Are_Microscopic_txt_nocounts_signature_011101311641213211.png
03-46	03-46_CYOA_--_You_Are_Microscopic_txt_signature_011101311641213211.png
03-47	03-47_CYOA_--_Surf_Monkeys_txt_nocounts_signature_0111091179128.png
03-47	03-47_CYOA_--_Surf_Monkeys_txt_signature_0111091179128.png
03-48	03-48_CYOA_--_Luckiest_Day_of_Your_Life_The_txt_nocounts_signature_01110111170128131.png
03-48	03-48_CYOA_--_Luckiest_Day_of_Your_Life_The_txt_signature_01110111170128131.png
03-49	03-49_CYOA_--_Forgotten_Planet_The_txt_nocounts_signature_011101111681211211.png
03-49	03-49_CYOA_--_Forgotten_Planet_The_txt_signature_011101111681211211.png
03-50	03-50_CYOA_--_Secret_of_the_Dolphins_txt_nocounts_signature_01110111172128131.png
03-50	03-50_CYOA_--_Secret_of_the_Dolphins_txt_signature_01110111172128131.png
03-51	03-51_CYOA_--_Playoff_Champion_txt_nocounts_signature_011101711561216.png
03-51	03-51_CYOA_--_Playoff_Champion_txt_signature_011101711561216.png
03-52	03-52_CYOA_--_Roller_Star_txt_nocounts_signature_02110151167127131141151211311.png
03-52	03-52_CYOA_--_Roller_Star_txt_signature_02110151167127131141151211311.png
03-53	03-53_CYOA_--_Scene_of_the_Crime_txt_nocounts_signature_011101111661210131212.png
03-53	03-53_CYOA_--_Scene_of_the_Crime_txt_signature_011101111661210131212.png
03-54	03-54_CYOA_--_Dinosaur_Island_txt_nocounts_signature_01110131176129141.png
03-54	03-54_CYOA_--_Dinosaur_Island_txt_signature_01110131176129141.png
03-55	03-55_CYOA_--_Motocross_Mania_txt_nocounts_signature_011101511581212132212.png
03-55	03-55_CYOA_--_Motocross_Mania_txt_signature_011101511581212132212.png
03-56	03-56_CYOA_--_Horror_House_txt_nocounts_signature_01110811721210213.png
03-56	03-56_CYOA_--_Horror_House_txt_signature_01110811721210213.png
03-57	03-57_CYOA_--_Secret_of_Mystery_Hill_The_txt_nocounts_signature_011101011711212211311.png
03-57	03-57_CYOA_--_Secret_of_Mystery_Hill_The_txt_signature_011101011711212211311.png
03-58	03-58_CYOA_--_Reality_Machine_The_txt_nocounts_signature_011101211661212141401.png
03-58	03-58_CYOA_--_Reality_Machine_The_txt_signature_011101211661212141401.png
03-59	03-59--Project_UFO_txt_nocounts_signature_011101411581214131201211.png
03-59	03-59--Project_UFO_txt_signature_011101411581214131201211.png
03-60	03-60--Comet_Crash_txt_nocounts_signature_011101211721211131212.png
03-60	03-60--Comet_Crash_txt_signature_011101211721211131212.png
03-61	03-61--Everest_Adventure_txt_nocounts_signature_011101311731212.png
03-61	03-61--Everest_Adventure_txt_signature_011101311731212.png
03-62	03-62--Soccer_Star_txt_nocounts_signature_011101611621211133212.png
03-62	03-62--Soccer_Star_txt_signature_011101611621211133212.png
03-63	03-63--The_Antimatter_Universe_txt_nocounts_signature_011101311691212.png
03-63	03-63--The_Antimatter_Universe_txt_signature_011101311691212.png
03-64	03-64--Master_of_Judo_txt_nocounts_signature_011101211691212211.png
03-64	03-64--Master_of_Judo_txt_signature_011101211691212211.png
04-01	04-01_CYOA_--_Search_the_Amazon_txt_nocounts_signature_0111091181128221.png
04-01	04-01_CYOA_--_Search_the_Amazon_txt_signature_0111091181128221.png
04-02	04-02_CYOA_--_Who_Are_You_txt_nocounts_signature_01110131171128132.png
04-02	04-02_CYOA_--_Who_Are_You_txt_signature_01110131171128132.png
04-03	04-03_CYOA_--_Gunfire_at_Gettysburg_txt_nocounts_signature_011101011711210211.png
04-03	04-03_CYOA_--_Gunfire_at_Gettysburg_txt_signature_011101011711210211.png
04-04	04-04_CYOA_--_War_with_the_Mutant_Spider_Ants_txt_nocounts_signature_011101311701211131211.png
04-04	04-04_CYOA_--_War_with_the_Mutant_Spider_Ants_txt_signature_011101311701211131211.png
04-05	04-05_CYOA_--_Last_Run_txt_nocounts_signature_0111071170126132161214611.png
04-05	04-05_CYOA_--_Last_Run_txt_signature_0111071170126132161214611.png
04-06	04-06_CYOA_--_Cyberspace_Warrior_txt_nocounts_signature_011101911571214132.png
04-06	04-06_CYOA_--_Cyberspace_Warrior_txt_signature_011101911571214132.png
04-07	04-07_CYOA_--_Ninja_Cyborg_txt_nocounts_signature_0111081175128211.png
04-07	04-07_CYOA_--_Ninja_Cyborg_txt_signature_0111081175128211.png
04-08	04-08_CYOA_--_You_Are_an_Alien_txt_nocounts_signature_011101411641213131212.png
04-08	04-08_CYOA_--_You_Are_an_Alien_txt_signature_011101411641213131212.png
04-09	04-09_CYOA_--_U_N__Adventure_txt_nocounts_signature_011102011611219.png
04-09	04-09_CYOA_--_U_N__Adventure_txt_signature_011102011611219.png
04-10	04-10_CYOA_--_Sky_Jam_txt_nocounts_signature_011101111651215201213.png
04-10	04-10_CYOA_--_Sky_Jam_txt_signature_011101111651215201213.png
04-11	04-11_CYOA_--_Tattoo_of_Death_txt_nocounts_signature_01110151165128133.png
04-11	04-11_CYOA_--_Tattoo_of_Death_txt_signature_01110151165128133.png
04-12	04-12_CYOA_--_Possessed_txt_nocounts_signature_011101511681210132.png
04-12	04-12_CYOA_--_Possessed_txt_signature_011101511681210132.png
04-13	04-13_CYOA_--_Typhoon_txt_nocounts_signature_011101511581210131142214.png
04-13	04-13_CYOA_--_Typhoon_txt_signature_011101511581210131142214.png
04-14	04-14_CYOA_--_Shadow_of_the_Swastika_txt_nocounts_signature_0111091179128.png
04-14	04-14_CYOA_--_Shadow_of_the_Swastika_txt_signature_0111091179128.png
04-15	04-15_CYOA_--_Fright_Night_txt_nocounts_signature_011101711501219131201213221.png
04-15	04-15_CYOA_--_Fright_Night_txt_signature_011101711501219131201213221.png
05-01	05-01_CYOA-YR_--_Circus_The_txt_nocounts_signature_01110111112129132213221.png
05-01	05-01_CYOA-YR_--_Circus_The_txt_signature_01110111112129132213221.png
05-04	05-04_CYOA-YR_--_Haunted_House_The_txt_nocounts_signature_011101811141215131.png
05-04	05-04_CYOA-YR_--_Haunted_House_The_txt_signature_011101811141215131.png
05-07	05-07_CYOA-YR_--_Sunken_Treasure_txt_nocounts_signature_0111091121126131221.png
05-07	05-07_CYOA-YR_--_Sunken_Treasure_txt_signature_0111091121126131221.png
05-10	05-10_CYOA-YR_--_Your_Very_Own_Robot_txt_nocounts_signature_011101211131211.png
05-10	05-10_CYOA-YR_--_Your_Very_Own_Robot_txt_signature_011101211131211.png
05-13	05-13_CYOA-YR_--_Gorga_The_Space_Monster_txt_nocounts_signature_0211010119128222.png
05-13	05-13_CYOA-YR_--_Gorga_The_Space_Monster_txt_signature_0211010119128222.png
05-14	05-14_CYOA-YR_--_Search_for_Champ_The_txt_nocounts_signature_0111081112127.png
05-14	05-14_CYOA-YR_--_Search_for_Champ_The_txt_signature_0111081112127.png
05-17	05-17_CYOA-YR_--_Green_Slime_The_txt_nocounts_signature_0111071113127211.png
05-17	05-17_CYOA-YR_--_Green_Slime_The_txt_signature_0111071113127211.png
05-20	05-20_CYOA-YR_--_Help_Youre_Shrinking_txt_nocounts_signature_02110111115128131211221.png
05-20	05-20_CYOA-YR_--_Help_Youre_Shrinking_txt_signature_02110111115128131211221.png
05-21	05-21_CYOA-YR_--_Indian_Trail_txt_nocounts_signature_0111091118128.png
05-21	05-21_CYOA-YR_--_Indian_Trail_txt_signature_0111091118128.png
05-22	05-22_CYOA-YR_--_Dream_Trips_Go_to_any_Page_Version_txt_nocounts_signature_102111137120122114225231241341.png
05-22	05-22_CYOA-YR_--_Dream_Trips_Go_to_any_Page_Version_txt_signature_102111137120122114225231241341.png
05-22	05-22_CYOA-YR_--_Dream_Trips_txt_nocounts_signature_01110141114126131141241.png
05-22	05-22_CYOA-YR_--_Dream_Trips_txt_signature_01110141114126131141241.png
05-24	05-24_CYOA-YR_--_Genie_in_the_Bottle_The_txt_nocounts_signature_0111081123127221.png
05-24	05-24_CYOA-YR_--_Genie_in_the_Bottle_The_txt_signature_0111081123127221.png
05-25	05-25_CYOA-YR_--_Bigfoot_Mystery_The_txt_nocounts_signature_01110811101210201211.png
05-25	05-25_CYOA-YR_--_Bigfoot_Mystery_The_txt_signature_01110811101210201211.png
05-27	05-27_CYOA-YR_--_Creature_from_Millers_Pond_The_txt_nocounts_signature_01110101113129.png
05-27	05-27_CYOA-YR_--_Creature_from_Millers_Pond_The_txt_signature_01110101113129.png
05-28	05-28_CYOA-YR_--_Jungle_Safari_txt_nocounts_signature_0111091123125132211221.png
05-28	05-28_CYOA-YR_--_Jungle_Safari_txt_signature_0111091123125132211221.png
05-29	05-29_CYOA-YR_--_Mummys_Tomb_The_txt_nocounts_signature_01110101112128131211221.png
05-29	05-29_CYOA-YR_--_Mummys_Tomb_The_txt_signature_01110101112128131211221.png
05-30	05-30_CYOA-YR_--_Three_Wishes_The_txt_nocounts_signature_0111061118128201211.png
05-30	05-30_CYOA-YR_--_Three_Wishes_The_txt_signature_0111061118128201211.png
05-32	05-32_CYOA-YR_--_Dragons_txt_nocounts_signature_011101111131210.png
05-32	05-32_CYOA-YR_--_Dragons_txt_signature_011101111131210.png
05-33	05-33_CYOA-YR_--_Wild_Horse_Country_txt_nocounts_signature_011101111161211211.png
05-33	05-33_CYOA-YR_--_Wild_Horse_Country_txt_signature_011101111161211211.png
05-34	05-34_CYOA-YR_--_Summer_Camp_txt_nocounts_signature_01110111114128131.png
05-34	05-34_CYOA-YR_--_Summer_Camp_txt_signature_01110111114128131.png
05-36	05-36_CYOA-YR_--_Tower_of_London_The_txt_nocounts_signature_0111081122128211.png
05-36	05-36_CYOA-YR_--_Tower_of_London_The_txt_signature_0111081122128211.png
05-37	05-37_CYOA-YR_--_Trouble_in_Space_txt_nocounts_signature_0111081122127.png
05-37	05-37_CYOA-YR_--_Trouble_in_Space_txt_signature_0111081122127.png
05-39	05-39_CYOA-YR_--_Mona_is_Missing_txt_nocounts_signature_0111091116128.png
05-39	05-39_CYOA-YR_--_Mona_is_Missing_txt_signature_0111091116128.png
05-40	05-40_CYOA-YR_--_Evil_Wizard_The_txt_nocounts_signature_011101211121212211221.png
05-40	05-40_CYOA-YR_--_Evil_Wizard_The_txt_signature_011101211121212211221.png
05-41	05-41_CYOA-YR_--_Polar_Bear_Express_The_txt_nocounts_signature_0111010118128131211.png
05-41	05-41_CYOA-YR_--_Polar_Bear_Express_The_txt_signature_0111010118128131211.png
05-44	05-44_CYOA-YR_--_Flying_Carpet_The_txt_nocounts_signature_0111091115128.png
05-44	05-44_CYOA-YR_--_Flying_Carpet_The_txt_signature_0111091115128.png
05-45	05-45_CYOA-YR_--_Magic_Path_The_txt_nocounts_signature_01110111111128131.png
05-45	05-45_CYOA-YR_--_Magic_Path_The_txt_signature_01110111111128131.png
05-46	05-46_CYOA-YR_--_Ice_Cave_txt_nocounts_signature_0111081114127.png
05-46	05-46_CYOA-YR_--_Ice_Cave_txt_signature_0111081114127.png
05-47	05-47_CYOA-YR_--_Fire_txt_nocounts_signature_0111071118126.png
05-47	05-47_CYOA-YR_--_Fire_txt_signature_0111071118126.png
05-49	05-49_CYOA-YR_--_Fairy_Kidnap_The_txt_nocounts_signature_0111081124128211.png
05-49	05-49_CYOA-YR_--_Fairy_Kidnap_The_txt_signature_0111081124128211.png
05-50	05-50_CYOA-YR_--_Runaway_Spaceship_txt_nocounts_signature_0111081120127.png
05-50	05-50_CYOA-YR_--_Runaway_Spaceship_txt_signature_0111081120127.png
05-51	05-51_CYOA-YR_--_Lost_Dog_txt_nocounts_signature_01110101115129.png
05-51	05-51_CYOA-YR_--_Lost_Dog_txt_signature_01110101115129.png
05-52	05-52_CYOA-YR_--_Blizzard_a_Black_Swan_Inn_txt_nocounts_signature_0111081117127.png
05-52	05-52_CYOA-YR_--_Blizzard_a_Black_Swan_Inn_txt_signature_0111081117127.png
05-53	05-53_CYOA-YR_--_Haunted_Harbor_txt_nocounts_signature_0111091114128.png
05-53	05-53_CYOA-YR_--_Haunted_Harbor_txt_signature_0111091114128.png
05-55	05-55_CYOA-YR_--_Attack_of_The_Monster_Plants_txt_nocounts_signature_0111081115125131.png
05-55	05-55_CYOA-YR_--_Attack_of_The_Monster_Plants_txt_signature_0111081115125131.png
05-56	05-56_CYOA-YR_--_Miss_Liberty_Caper_The_txt_nocounts_signature_0111071121126.png
05-56	05-56_CYOA-YR_--_Miss_Liberty_Caper_The_txt_signature_0111071121126.png
05-57	05-57_CYOA-YR_--_Owl_Tree_The_txt_nocounts_signature_0111091112126131221.png
05-57	05-57_CYOA-YR_--_Owl_Tree_The_txt_signature_0111091112126131221.png
05-58	05-58_CYOA-YR_--_Haunted_Halloween_Party_txt_nocounts_signature_0111091120126131.png
05-58	05-58_CYOA-YR_--_Haunted_Halloween_Party_txt_signature_0111091120126131.png
05-59	05-59_CYOA-YR_--_Sand_Castle_txt_nocounts_signature_01110101110128131211.png
05-59	05-59_CYOA-YR_--_Sand_Castle_txt_signature_01110101110128131211.png
05-60	05-60_CYOA-YR_--_Caravan_txt_nocounts_signature_0111091112128.png
05-60	05-60_CYOA-YR_--_Caravan_txt_signature_0111091112128.png
05-61	05-61_CYOA-YR_--_Great_Easter_Bunny_Adventure_The_txt_nocounts_signature_0111091114128.png
05-61	05-61_CYOA-YR_--_Great_Easter_Bunny_Adventure_The_txt_signature_0111091114128.png
05-62	05-62_CYOA-YR_--_The_Movie_Mystery_txt_nocounts_signature_0111091111128.png
05-62	05-62_CYOA-YR_--_The_Movie_Mystery_txt_signature_0111091111128.png
05-63	05-63_CYOA-YR_--_Light_on_Burro_Mountain_txt_nocounts_signature_0111081118127.png
05-63	05-63_CYOA-YR_--_Light_on_Burro_Mountain_txt_signature_0111081118127.png
05-64	05-64_CYOA-YR_--_Home_in_Time_for_Christmas_txt_nocounts_signature_0111051119124.png
05-64	05-64_CYOA-YR_--_Home_in_Time_for_Christmas_txt_signature_0111051119124.png
05-65	05-65_CYOA-YR_--_You_See_the_Future_txt_nocounts_signature_0111091117126131.png
05-65	05-65_CYOA-YR_--_You_See_the_Future_txt_signature_0111091117126131.png
05-66	05-66_CYOA-YR_--_The_Great_Zopper_Toothpaste_Treasure_txt_nocounts_signature_0111091119128.png
05-66	05-66_CYOA-YR_--_The_Great_Zopper_Toothpaste_Treasure_txt_signature_0111091119128.png
05-68	05-68_CYOA-YR_--_A_Day_With_The_Dinosaurs_txt_nocounts_signature_0211071123125.png
05-68	05-68_CYOA-YR_--_A_Day_With_The_Dinosaurs_txt_signature_0211071123125.png
05-69	05-69__CYOA-YR_--_Spooky_Thanksgiving_txt_nocounts_signature_0111061123125.png
05-69	05-69__CYOA-YR_--_Spooky_Thanksgiving_txt_signature_0111061123125.png
05-70	05-70_CYOA-YR_--_You_Are_Invisible_txt_nocounts_signature_0111081119127.png
05-70	05-70_CYOA-YR_--_You_Are_Invisible_txt_signature_0111081119127.png
05-71	05-71_CYOA-YR_--_Race_of_the_Year_txt_nocounts_signature_0111051120124.png
05-71	05-71_CYOA-YR_--_Race_of_the_Year_txt_signature_0111051120124.png
05-72	05-72_CYOA-YR_--_Stranded_txt_nocounts_signature_0111091112128.png
05-72	05-72_CYOA-YR_--_Stranded_txt_signature_0111091112128.png
05-73	05-73_CYOA-YR_--_You_Can_Make_a_Difference_The_Story_of_Martin_Luther_King_Jr__txt_nocounts_signature_0111071118126221.png
05-73	05-73_CYOA-YR_--_You_Can_Make_a_Difference_The_Story_of_Martin_Luther_King_Jr__txt_signature_0111071118126221.png
05-74	05-74_CYOA-YR_--_The_Enchanted_Attic_txt_nocounts_signature_0111081123127.png
05-74	05-74_CYOA-YR_--_The_Enchanted_Attic_txt_signature_0111081123127.png
05-75	05-75_CYOA-SA_--_Journey_to_the_Year_3000_txt_nocounts_signature_011102711791222132142214311331.png
05-75	05-75_CYOA-SA_--_Journey_to_the_Year_3000_txt_signature_011102711791222132142214311331.png
05-76	05-76_CYOA-SA_--_Danger_Zones_txt_nocounts_signature_011102911831226131.png
05-76	05-76_CYOA-SA_--_Danger_Zones_txt_signature_011102911831226131.png
05-77	05-77_CYOA-Space_Hawks_--_Faster_Than_Light_txt_nocounts_signature_01110611891211212511.png
05-77	05-77_CYOA-Space_Hawks_--_Faster_Than_Light_txt_signature_01110611891211212511.png
05-78	05-78_CYOA-Space_Hawks_--_Alien_Invaders_txt_nocounts_signature_0111061180129131214311.png
05-78	05-78_CYOA-Space_Hawks_--_Alien_Invaders_txt_signature_0111061180129131214311.png
05-79	05-79_CYOA-Space_Hawks_--_Space_Fortress_txt_nocounts_signature_0111051189127211311.png
05-79	05-79_CYOA-Space_Hawks_--_Space_Fortress_txt_signature_0111051189127211311.png
05-80	05-80_CYOA-Space_Hawks_--_The_Comet_Masters_txt_nocounts_signature_0111081185128131211311.png
05-80	05-80_CYOA-Space_Hawks_--_The_Comet_Masters_txt_signature_0111081185128131211311.png
05-81	05-81_CYOA-Space_Hawks_--_The_Fiber_People_txt_nocounts_signature_0111051192127213.png
05-81	05-81_CYOA-Space_Hawks_--_The_Fiber_People_txt_signature_0111051192127213.png
05-82	05-82A_CYOA-Space_Hawks_--_The_Planet_Eater_txt_nocounts_signature_0111061185128131212411.png
05-82	05-82A_CYOA-Space_Hawks_--_The_Planet_Eater_txt_signature_0111061185128131212411.png
05-84	05-84_CYOA-Passport_--_Tour_De_France_txt_nocounts_signature_011101111771210.png
05-84	05-84_CYOA-Passport_--_Tour_De_France_txt_signature_011101111771210.png
05-85	05-85_CYOA-Passport_--_Forgotten_Days_txt_nocounts_signature_011101111751210.png
05-85	05-85_CYOA-Passport_--_Forgotten_Days_txt_signature_011101111751210.png
05-86	05-86_CYOA-Passport_--_On_Tour_txt_nocounts_signature_011101111611212212221.png
05-86	05-86_CYOA-Passport_--_On_Tour_txt_signature_011101111611212212221.png
06-06	06-06_CYON_01_Night_of_the_Werewolf_txt_nocounts_signature_011101211541211.png
06-06	06-06_CYON_01_Night_of_the_Werewolf_txt_signature_011101211541211.png
06-07	06-07_CYON_02_Beware_the_Snakes_Venom_txt_nocounts_signature_01110101160129.png
06-07	06-07_CYON_02_Beware_the_Snakes_Venom_txt_signature_01110101160129.png
06-8_	06-8_CYON_03_Island_of_Doom_txt_nocounts_signature_0111091160128.png
06-8_	06-8_CYON_03_Island_of_Doom_txt_signature_0111091160128.png
06-9_	06-9_CYON_04_Castle_of_Darkness__txt_nocounts_signature_01110101160129.png
06-9_	06-9_CYON_04_Castle_of_Darkness__txt_signature_01110101160129.png
06-10	06-10_CYON_05_Halloween_Party_The_txt_nocounts_signature_011101011551210211.png
06-10	06-10_CYON_05_Halloween_Party_The_txt_signature_011101011551210211.png
06-11	06-11_CYON_06_Risk_Your_Life_Arcade__txt_nocounts_signature_0111081161127.png
06-11	06-11_CYON_06_Risk_Your_Life_Arcade__txt_signature_0111081161127.png
06-12	06-12_CYON_07_Biting_for_Blood__txt_nocounts_signature_011101311521210131.png
06-12	06-12_CYON_07_Biting_for_Blood__txt_signature_011101311521210131.png
06-13	06-13_CYON_08_Bugged_Out__txt_nocounts_signature_0111071164127211.png
06-13	06-13_CYON_08_Bugged_Out__txt_signature_0111071164127211.png
06-14	06-14_CYON_09_Mummy_Who_Wouldnt_Die_The_txt_nocounts_signature_011101211541211.png
06-14	06-14_CYON_09_Mummy_Who_Wouldnt_Die_The_txt_signature_011101211541211.png
06-15	06-15_CYON_10_It_Happened_at_Camp_Pine_Tree__txt_nocounts_signature_0111071160127211.png
06-15	06-15_CYON_10_It_Happened_at_Camp_Pine_Tree__txt_signature_0111071160127211.png
06-16	06-16_CYON_11_Watch_Out_for_Room_13_txt_nocounts_signature_0211091180127.png
06-16	06-16_CYON_11_Watch_Out_for_Room_13_txt_signature_0211091180127.png
06-17	06-17_CYON_15_How_I_Became_a_Freak__txt_nocounts_signature_011101211511210131211.png
06-17	06-17_CYON_15_How_I_Became_a_Freak__txt_signature_011101211511210131211.png
06-18	06-18_CYON_16_Welcome_to_Horror_Hospital_txt_nocounts_signature_01110101158129221.png
06-18	06-18_CYON_16_Welcome_to_Horror_Hospital_txt_signature_01110101158129221.png
06-19	06-19_CYON_17_Attack_of_the_Living_Mask_txt_nocounts_signature_011101311541212.png
06-19	06-19_CYON_17_Attack_of_the_Living_Mask_txt_signature_011101311541212.png
06-20	06-20_CYON_18_Toy_Shop_of_Terror_The_txt_nocounts_signature_01110121157129131.png
06-20	06-20_CYON_18_Toy_Shop_of_Terror_The_txt_signature_01110121157129131.png
06-22	06-22__Goosebumps_05_Night_in_Werewolf_Woods__txt_nocounts_signature_011102311751227215222.png
06-22	06-22__Goosebumps_05_Night_in_Werewolf_Woods__txt_signature_011102311751227215222.png
06-23	06-23_Goosebumps_06_Beware_of_the_Purple_Peanut_Butter_txt_nocounts_signature_011102511711230214222311.png
06-23	06-23_Goosebumps_06_Beware_of_the_Purple_Peanut_Butter_txt_signature_011102511711230214222311.png
06-24	06-24_Goosebumps_07_Under_the_Magicians_Spell_txt_nocounts_signature_011102311811223132215.png
06-24	06-24_Goosebumps_07_Under_the_Magicians_Spell_txt_signature_011102311811223132215.png
06-25	06-25_Goosebumps_08_Curse_of_the_Creeping_Coffin_The_txt_nocounts_signature_011102011671230131201219223311.png
06-25	06-25_Goosebumps_08_Curse_of_the_Creeping_Coffin_The_txt_signature_011102011671230131201219223311.png
06-26	06-26_Goosebumps_09_Knight_in_Screaming_Armor_The_txt_nocounts_signature_0111021117212281322110221311.png
06-26	06-26_Goosebumps_09_Knight_in_Screaming_Armor_The_txt_signature_0111021117212281322110221311.png
06-27	06-27_Goosebumps_10_Diary_of_a_Mad_Mummy__txt_nocounts_signature_011102311831223131213221.png
06-27	06-27_Goosebumps_10_Diary_of_a_Mad_Mummy__txt_signature_011102311831223131213221.png
06-28	06-28_Goosebumps_11_Deep_in_the_Jungle_of_Doom_txt_nocounts_signature_102511781229214.png
06-28	06-28_Goosebumps_11_Deep_in_the_Jungle_of_Doom_txt_signature_102511781229214.png
06-29	06-29_Goosebumps_12_Welcome_to_the_Wicked_Wax_Museum_txt_nocounts_signature_031102211741226132202217222.png
06-29	06-29_Goosebumps_12_Welcome_to_the_Wicked_Wax_Museum_txt_signature_031102211741226132202217222.png
06-30	06-30_Goosebumps_13_Scream_of_the_Evil_Genie_txt_nocounts_signature_011021102311901219211221241.png
06-30	06-30_Goosebumps_13_Scream_of_the_Evil_Genie_txt_signature_011021102311901219211221241.png
06-31	06-31_Goosebumps_14_Creepy_Creations_of_Professor_Shock_The_txt_nocounts_signature_102111841225214221.png
06-31	06-31_Goosebumps_14_Creepy_Creations_of_Professor_Shock_The_txt_signature_102111841225214221.png
06-32	06-32_Goosebumps_15_Please_Dont_Feed_the_Vampire_txt_nocounts_signature_011102111861223215241.png
06-32	06-32_Goosebumps_15_Please_Dont_Feed_the_Vampire_txt_signature_011102111861223215241.png
06-33	06-33_Goosebumps_16_Secret_Agent_Grandma__txt_nocounts_signature_011102311821223211221.png
06-33	06-33_Goosebumps_16_Secret_Agent_Grandma__txt_signature_011102311821223211221.png
06-34	06-34_Goosebumps_17_Little_Comic_Shop_of_Horrors__txt_nocounts_signature_011103011691233214.png
06-34	06-34_Goosebumps_17_Little_Comic_Shop_of_Horrors__txt_signature_011103011691233214.png
06-35	06-35_Goosebumps_18_Attack_of_the_Beastly_Baby-Sitter_txt_nocounts_signature_011102211751226132202214222321.png
06-35	06-35_Goosebumps_18_Attack_of_the_Beastly_Baby-Sitter_txt_signature_011102211751226132202214222321.png
06-36	06-36_Goosebumps_19_Escape_From_Camp_Run-For-Your-Life_txt_nocounts_signature_011102311861223212221231.png
06-36	06-36_Goosebumps_19_Escape_From_Camp_Run-For-Your-Life_txt_signature_011102311861223212221231.png
06-37	06-37_Goosebumps_20_Toy_Terror-_Batteries_Included_txt_nocounts_signature_011102111871224214.png
06-37	06-37_Goosebumps_20_Toy_Terror-_Batteries_Included_txt_signature_011102111871224214.png
06-38	06-38_Goosebumps_21_The_Twisted_Tale_of_Tiki_Island__txt_nocounts_signature_012102211841223131215221.png
06-38	06-38_Goosebumps_21_The_Twisted_Tale_of_Tiki_Island__txt_signature_012102211841223131215221.png
06-39	06-39_Goosebumps_22_Return_to_the_Carnival_of_Horrors__txt_nocounts_signature_011102111741229131217222312.png
06-39	06-39_Goosebumps_22_Return_to_the_Carnival_of_Horrors__txt_signature_011102111741229131217222312.png
06-40	06-40_Goosebumps_23_Zapped_in_Space__txt_nocounts_signature_012102211811226216.png
06-40	06-40_Goosebumps_23_Zapped_in_Space__txt_signature_012102211811226216.png
06-41	06-41_Goosebumps_24_Lost_in_Stinkeye_Swamp__txt_nocounts_signature_011102611791224131211.png
06-41	06-41_Goosebumps_24_Lost_in_Stinkeye_Swamp__txt_signature_011102611791224131211.png
06-42	06-42_Goosebumps_25_Shop_Till_You_Drop___Dead_txt_nocounts_signature_011102711721228131212221861.png
06-42	06-42_Goosebumps_25_Shop_Till_You_Drop___Dead_txt_signature_011102711721228131212221861.png
06-43	06-43_Goosebumps_26_Alone_in_Snakebite_Canyon__txt_nocounts_signature_011102111731233203214221411.png
06-43	06-43_Goosebumps_26_Alone_in_Snakebite_Canyon__txt_signature_011102111731233203214221411.png
06-44	06-44_Goosebumps_27_Checkout_Time_at_the_Dead-End_Hotel__txt_nocounts_signature_011102111831223131215221.png
06-44	06-44_Goosebumps_27_Checkout_Time_at_the_Dead-End_Hotel__txt_signature_011102111831223131215221.png
06-45	06-45_Goosebumps_28_Night_of_a_Thousand_Claws_txt_nocounts_signature_011102511801228201212.png
06-45	06-45_Goosebumps_28_Night_of_a_Thousand_Claws_txt_signature_011102511801228201212.png
06-46	06-46_Goosebumps_29_Invaders_from_the_Big_Screen__txt_nocounts_signature_031102611711230131216301.png
06-46	06-46_Goosebumps_29_Invaders_from_the_Big_Screen__txt_signature_031102611711230131216301.png
06-47	06-47_Goosebumps_30_Youre_Plant_Food__txt_nocounts_signature_011102411781226131213222751.png
06-47	06-47_Goosebumps_30_Youre_Plant_Food__txt_signature_011102411781226131213222751.png
06-48	06-48_Goosebumps_31_The_Werewolf_of_Twisted_Tree_Lodge__txt_nocounts_signature_011102611831224131211221.png
06-48	06-48_Goosebumps_31_The_Werewolf_of_Twisted_Tree_Lodge__txt_signature_011102611831224131211221.png
06-49	06-49_Goosebumps_32_Its_Only_a_Nightmare__txt_nocounts_signature_103811591237141201.png
06-49	06-49_Goosebumps_32_Its_Only_a_Nightmare__txt_signature_103811591237141201.png
06-50	06-50_Goosebumps_33_It_Came_from_the_Internet__txt_nocounts_signature_011102211811226215.png
06-50	06-50_Goosebumps_33_It_Came_from_the_Internet__txt_signature_011102211811226215.png
06-51	06-51_Goosebumps_34_Elevator_to_Nowhere_txt_nocounts_signature_011102311761222134214221232312751.png
06-51	06-51_Goosebumps_34_Elevator_to_Nowhere_txt_signature_011102311761222134214221232312751.png
06-52	06-52_Goosebumps_35_Hocus-Pocus_Horror_txt_nocounts_signature_011102211871221132201212221.png
06-52	06-52_Goosebumps_35_Hocus-Pocus_Horror_txt_signature_011102211871221132201212221.png
06-53	06-53_Goosebumps_36_Ship_of_Ghouls_txt_nocounts_signature_011102511811224131212222.png
06-53	06-53_Goosebumps_36_Ship_of_Ghouls_txt_signature_011102511811224131212222.png
06-54	06-54_Goosebumps_37_Escape_from_Horror_House__txt_nocounts_signature_011102411821225131201212221.png
06-54	06-54_Goosebumps_37_Escape_from_Horror_House__txt_signature_011102411821225131201212221.png
06-55	06-55_Goosebumps_38_Into_the_Twister_of_Terror__txt_nocounts_signature_103211671233211.png
06-55	06-55_Goosebumps_38_Into_the_Twister_of_Terror__txt_signature_103211671233211.png
06-56	06-56_Goosebumps_39_Scary_Birthday_to_You__txt_nocounts_signature_011102211851220141214231341.png
06-56	06-56_Goosebumps_39_Scary_Birthday_to_You__txt_signature_011102211851220141214231341.png
06-57	06-57_Goosebumps_40_Zombie_School__txt_nocounts_signature_011071102911701227132213221811.png
06-57	06-57_Goosebumps_40_Zombie_School__txt_signature_011071102911701227132213221811.png
06-58	06-58_Goosebumps_41_Danger_Time_txt_nocounts_signature_011102711771225131212221231.png
06-58	06-58_Goosebumps_41_Danger_Time_txt_signature_011102711771225131212221231.png
06-59	06-59_Goosebumps_42_All-Day_Nightmare__txt_nocounts_signature_011102111801228201214221311.png
06-59	06-59_Goosebumps_42_All-Day_Nightmare__txt_signature_011102111801228201214221311.png
07-01	07-01_Goosebumps_S01_Into_the_Jaws_of_Doom_238_txt_nocounts_signature_011022102911771243131614420821192218232251302313323332341432441631841931951.png
07-01	07-01_Goosebumps_S01_Into_the_Jaws_of_Doom_238_txt_signature_011022102911771243131614420821192218232251302313323332341432441631841931951.png
07-09	07-09_Nightmares_--_Cave_of_Fear_126_--annotated_txt_nocounts_signature_011102111841213131271.png
07-09	07-09_Nightmares_--_Cave_of_Fear_126_--annotated_txt_signature_011102111841213131271.png
07-09	07-09_Nightmares_--_Cave_of_Fear_126_--corrected_txt_nocounts_signature_011102111841213131271.png
07-09	07-09_Nightmares_--_Cave_of_Fear_126_--corrected_txt_signature_011102111841213131271.png
07-09	07-09_Nightmares_--_Cave_of_Fear_126_--labeled_txt_nocounts_signature_011102111841213131271.png
07-09	07-09_Nightmares_--_Cave_of_Fear_126_--labeled_txt_signature_011102111841213131271.png
07-09	07-09_Nightmares_--_Cave_of_Fear_126_txt_nocounts_signature_012102211811213131271.png
07-09	07-09_Nightmares_--_Cave_of_Fear_126_txt_signature_012102211811213131271.png
07-10	07-10_Nightmares_--_Valley_of_the_Screaming_Statues_126_txt_nocounts_signature_011102111751217132211.png
07-10	07-10_Nightmares_--_Valley_of_the_Screaming_Statues_126_txt_signature_011102111751217132211.png
07-11	07-11_Nightmares_--_Castle_of_Horror_126_txt_nocounts_signature_011102111751211132142211.png
07-11	07-11_Nightmares_--_Castle_of_Horror_126_txt_signature_011102111751211132142211.png
07-12	07-12_Nightmares_--_Planet_of_Terror_126_txt_nocounts_signature_011102411721219132.png
07-12	07-12_Nightmares_--_Planet_of_Terror_126_txt_signature_011102411721219132.png
07-13	07-13_Lifegames_01_Woman_Up_the_Corporate_Ladder_192_txt_nocounts_signature_011106411641263.png
07-13	07-13_Lifegames_01_Woman_Up_the_Corporate_Ladder_192_txt_signature_011106411641263.png
07-14	07-14_Lifegames_03_Starstruck_192_txt_nocounts_signature_011106411641263.png
07-14	07-14_Lifegames_03_Starstruck_192_txt_signature_011106411641263.png
07-15	07-15_Lifegames_04_Woman_in_Power_Politics_192_txt_nocounts_signature_011106411641263.png
07-15	07-15_Lifegames_04_Woman_in_Power_Politics_192_txt_signature_011106411641263.png
07-16	07-16_Lifegames_06_Matchpoint_192_txt_nocounts_signature_011106411641263.png
07-16	07-16_Lifegames_06_Matchpoint_192_txt_signature_011106411641263.png
07-27	07-27_Endless_Quest_06_Revenge_of_the_Rainbow_Dragons_157_txt_nocounts_signature_014101811891218136203218232312331.png
07-27	07-27_Endless_Quest_06_Revenge_of_the_Rainbow_Dragons_157_txt_signature_014101811891218136203218232312331.png
07-29	07-29_Endless_Quest_14_Raid_on_Nightmare_Castle_157_txt_nocounts_signature_0113101811861220131203219221311331.png
07-29	07-29_Endless_Quest_14_Raid_on_Nightmare_Castle_157_txt_signature_0113101811861220131203219221311331.png
07-29	07-29B_Endless_Quest_14_Raid_on_Nightmare_Castle_157_txt_nocounts_signature_0113101811861220131203219221311331.png
07-29	07-29B_Endless_Quest_14_Raid_on_Nightmare_Castle_157_txt_signature_0113101811861220131203219221311331.png
07-30	07-30_Endless_Quest_15_Under_Dragons_Wing_157_txt_nocounts_signature_0111017111001219132218221231.png
07-30	07-30_Endless_Quest_15_Under_Dragons_Wing_157_txt_signature_0111017111001219132218221231.png
07-31	07-31_Endless_Quest_16_The_Dragons_Ransom_157_txt_nocounts_signature_0111016118612221372022113312.png
07-31	07-31_Endless_Quest_16_The_Dragons_Ransom_157_txt_signature_0111016118612221372022113312.png
07-32	07-32_Endless_Quest_17_Captive_Planet_157_txt_nocounts_signature_0111017119412181342111222231.png
07-32	07-32_Endless_Quest_17_Captive_Planet_157_txt_signature_0111017119412181342111222231.png
07-34	07-34_Endless_Quest_18_Conan_the_Undaunted_157_txt_nocounts_signature_0111016111061220132216221411.png
07-34	07-34_Endless_Quest_18_Conan_the_Undaunted_157_txt_signature_0111016111061220132216221411.png
07-34	07-34_Endless_Quest_18_Undaunted_157_The_txt_nocounts_signature_0111016111061220132216221411.png
07-34	07-34_Endless_Quest_18_Undaunted_157_The_txt_signature_0111016111061220132216221411.png
07-35	07-35_Endless_Quest_19_Conan_and_the_Prophey_157_txt_nocounts_signature_0111017111061217132215221.png
07-35	07-35_Endless_Quest_19_Conan_and_the_Prophey_157_txt_signature_0111017111061217132215221.png
07-36	07-36_Endless_Quest_21_Duel_of_the_Masters_157_txt_nocounts_signature_011101711881224133201217312321.png
07-36	07-36_Endless_Quest_21_Duel_of_the_Masters_157_txt_signature_011101711881224133201217312321.png
07-37	07-37_Endless_Quest_22_Endless_Catacombs_157_txt_nocounts_signature_011101411951216136141202217231241312322411541.png
07-37	07-37_Endless_Quest_22_Endless_Catacombs_157_txt_signature_011101411951216136141202217231241312322411541.png
07-40	07-40_Endless_Quest_24_Trouble_on_Artule_157_txt_nocounts_signature_0111019111051218131212221332.png
07-40	07-40_Endless_Quest_24_Trouble_on_Artule_157_txt_signature_0111019111051218131212221332.png
07-41	07-41_Endless_Quest_25_Outlaw_The_157_txt_nocounts_signature_0121014111101218131214312.png
07-41	07-41_Endless_Quest_25_Outlaw_The_157_txt_signature_0121014111101218131214312.png
07-42	07-42_Endless_Quest_26_Tarzan_and_the_Well_of_Slaves_157_txt_nocounts_signature_0110211014111021218134218221301312.png
07-42	07-42_Endless_Quest_26_Tarzan_and_the_Well_of_Slaves_157_txt_signature_0110211014111021218134218221301312.png
07-43	07-43_Endless_Quest_27_Lair_of_the_Lich_157_txt_nocounts_signature_0111016111081222131212312411.png
07-43	07-43_Endless_Quest_27_Lair_of_the_Lich_157_txt_signature_0111016111081222131212312411.png
07-44	07-44_Endless_Quest_28_Mystery_of_the_Ancients_157_txt_nocounts_signature_0111012111121214133217222311.png
07-44	07-44_Endless_Quest_28_Mystery_of_the_Ancients_157_txt_signature_0111012111121214133217222311.png
07-45	07-45_Endless_Quest_29_Tower_of_Darkness_157_txt_nocounts_signature_0111014111041218133201217221311.png
07-45	07-45_Endless_Quest_29_Tower_of_Darkness_157_txt_signature_0111014111041218133201217221311.png
07-46	07-46_Endless_Quest_30_Fireseed_157_The_txt_nocounts_signature_0111014111051222131201217221311.png
07-46	07-46_Endless_Quest_30_Fireseed_157_The_txt_signature_0111014111051222131201217221311.png
07-47	07-47_Endless_Quest_31_Tarzan_and_the_Tower_of_Diamonds_157_txt_nocounts_signature_0111013111061216135201218312.png
07-47	07-47_Endless_Quest_31_Tarzan_and_the_Tower_of_Diamonds_157_txt_signature_0111013111061216135201218312.png
07-48	07-48_Endless_Quest_32_Prisoner_of_Elderwood_157_txt_nocounts_signature_0111014111091219131215221411.png
07-48	07-48_Endless_Quest_32_Prisoner_of_Elderwood_157_txt_signature_0111014111091219131215221411.png
07-49	07-49_Endless_Quest_33_Knight_of_Illusion_159_txt_nocounts_signature_01110101110212211332116231411.png
07-49	07-49_Endless_Quest_33_Knight_of_Illusion_159_txt_signature_01110101110212211332116231411.png
07-50	07-50_Endless_Quest_34_Claw_of_the_Dragon_txt_nocounts_signature_0111012111141222214311611.png
07-50	07-50_Endless_Quest_34_Claw_of_the_Dragon_txt_signature_0111012111141222214311611.png
07-51	07-51_Endless_Quest_35_Vision_of_Doom_160_txt_nocounts_signature_0111018111041217135215231312341411.png
07-51	07-51_Endless_Quest_35_Vision_of_Doom_160_txt_signature_0111018111041217135215231312341411.png
07-52	07-52_Endless_Quest_36_Song_of_the_Dark_Druid_160_txt_nocounts_signature_011101811811226137201214224313321331401412.png
07-52	07-52_Endless_Quest_36_Song_of_the_Dark_Druid_160_txt_signature_011101811811226137201214224313321331401412.png
07-53	07-53_Endless_Quest_Dungeon_of_Fear__txt_nocounts_signature_011101111231216133151202215226232301311321401451.png
07-53	07-53_Endless_Quest_Dungeon_of_Fear__txt_signature_011101111231216133151202215226232301311321401451.png
07-54	07-54_Endless_Quest_Castle_of_the_Undead_txt_nocounts_signature_02110711111213202211223301.png
07-54	07-54_Endless_Quest_Castle_of_the_Undead_txt_signature_02110711111213202211223301.png
07-55	07-55_Endless_Quest_Secret_of_Djinn__txt_nocounts_signature_011101511181215131201213228233321331.png
07-55	07-55_Endless_Quest_Secret_of_Djinn__txt_signature_011101511181215131201213228233321331.png
07-56	07-56_Endless_Quest_Siege_of_the_Tower_txt_nocounts_signature_01110911111213215223.png
07-56	07-56_Endless_Quest_Siege_of_the_Tower_txt_signature_01110911111213215223.png
07-57	07-57_Endless_Quest_A_Wild_Ride_txt_nocounts_signature_02110411241210202214222.png
07-57	07-57_Endless_Quest_A_Wild_Ride_txt_signature_02110411241210202214222.png
07-58	07-58_Endless_Quest_Forest_of_Darkness_txt_nocounts_signature_01110211301214202214231311511.png
07-58	07-58_Endless_Quest_Forest_of_Darkness_txt_signature_01110211301214202214231311511.png
07-59	07-59_Endless_Quest_American_Knights_txt_nocounts_signature_012022101011301217131201218225301311.png
07-59	07-59_Endless_Quest_American_Knights_txt_signature_012022101011301217131201218225301311.png
07-60	07-60_Endless_Quest_Night_of_the_Tiger_txt_nocounts_signature_02210711121210203212224231.png
07-60	07-60_Endless_Quest_Night_of_the_Tiger_txt_signature_02210711121210203212224231.png
07-61	07-61_Endless_Quest_Galactic_Challenge_txt_nocounts_signature_02103110111401214134143202219226232311322331412422431501731.png
07-61	07-61_Endless_Quest_Galactic_Challenge_txt_signature_02103110111401214134143202219226232311322331412422431501731.png
07-62	07-62_Endless_Quest_Bigbys_Curse_txt_nocounts_signature_011021101311251226141201217227312321421521.png
07-62	07-62_Endless_Quest_Bigbys_Curse_txt_signature_011021101311251226141201217227312321421521.png
07-63	07-63_Endless_Quest_24-Hour_War_txt_nocounts_signature_01202110911231211132202214221311.png
07-63	07-63_Endless_Quest_24-Hour_War_txt_signature_01202110911231211132202214221311.png
08-01	08-01--The_Thundercats_and_the_Ghost_Warrior_txt_nocounts_signature_011101111371213213222.png
08-01	08-01--The_Thundercats_and_the_Ghost_Warrior_txt_signature_011101111371213213222.png
08-02	08-02--The_Thundercats_and_the_Snowmen_of_Hook_Mountain_txt_nocounts_signature_011101311391211131211222.png
08-02	08-02--The_Thundercats_and_the_Snowmen_of_Hook_Mountain_txt_signature_011101311391211131211222.png
08-03	08-03--The_Three_Investigators_in_The_Case_of_the_Weeping_Coffin_txt_nocounts_signature_011101611601224201215222231331411.png
08-03	08-03--The_Three_Investigators_in_The_Case_of_the_Weeping_Coffin_txt_signature_011101611601224201215222231331411.png
08-04	08-04_The_Three_Investigators_--_Case_of_the_Dancing_Dinosaur_The_txt_nocounts_signature_022101311601223131203215312431.png
08-04	08-04_The_Three_Investigators_--_Case_of_the_Dancing_Dinosaur_The_txt_signature_022101311601223131203215312431.png
08-05	08-05_The_Three_Investigators_--_Case_of_the_House_of_Horrors_The_txt_nocounts_signature_011022102011491221133214222231312321511.png
08-05	08-05_The_Three_Investigators_--_Case_of_the_House_of_Horrors_The_txt_signature_011022102011491221133214222231312321511.png
08-06	08-06_The_Three_Investigators_--_Case_of_the_Savage_Statue_The_txt_nocounts_signature_011021101911591224214221321411.png
08-06	08-06_The_Three_Investigators_--_Case_of_the_Savage_Statue_The_txt_signature_011021101911591224214221321411.png
09-01	09-01_Time_Machine_--_Blade_of_the_Guillotine_txt_nocounts_signature_01110211321211132217221312411.png
09-01	09-01_Time_Machine_--_Blade_of_the_Guillotine_txt_signature_01110211321211132217221312411.png
09-01	09-01v2_Time_Machine_--_Blade_of_the_Guillotine_compressed_txt_nocounts_signature_1011111129213222232312411.png
09-01	09-01v2_Time_Machine_--_Blade_of_the_Guillotine_compressed_txt_signature_1011111129213222232312411.png
09-03	09-03_Time_Machine_15_Flame_of_the_Inquisition_txt_nocounts_signature_10111231211216224312.png
09-03	09-03_Time_Machine_15_Flame_of_the_Inquisition_txt_signature_10111231211216224312.png
09-04	09-04_Time_Machine_16_Quest_for_the_Cities_of_Gold_txt_nocounts_signature_0211011112129131219225311321.png
09-04	09-04_Time_Machine_16_Quest_for_the_Cities_of_Gold_txt_signature_0211011112129131219225311321.png
09-05	09-05_Time_Machine_17_Scotland_Yard_Detective_txt_nocounts_signature_011101112312122110231311321.png
09-05	09-05_Time_Machine_17_Scotland_Yard_Detective_txt_signature_011101112312122110231311321.png
09-06	09-06_Time_Machine_18_Sword_of_Caesar_txt_nocounts_signature_0111011123126132213223331411422.png
09-06	09-06_Time_Machine_18_Sword_of_Caesar_txt_signature_0111011123126132213223331411422.png
09-07	09-07_Time_Machine_19_Death_Mask_of_Pancho_Villa_txt_nocounts_signature_01102110211191262112211313.png
09-07	09-07_Time_Machine_19_Death_Mask_of_Pancho_Villa_txt_signature_01102110211191262112211313.png
09-08	09-08_Time_Machine_20_Bound_for_Australia_txt_nocounts_signature_10111251210218226231311.png
09-08	09-08_Time_Machine_20_Bound_for_Australia_txt_signature_10111251210218226231311.png
09-10	09-10_Time_Machine_22_Last_of_the_Dinosaurs_txt_nocounts_signature_0111011115127213224231312321.png
09-10	09-10_Time_Machine_22_Last_of_the_Dinosaurs_txt_signature_0111011115127213224231312321.png
09-12	09-12_Time_Machine_23_Quest_for_King_Arthur_txt_nocounts_signature_0111011112129132216222231313322.png
09-12	09-12_Time_Machine_23_Quest_for_King_Arthur_txt_signature_0111011112129132216222231313322.png
09-13	09-13_Time_Machine_24_World_War_I_Flying_Ace_txt_nocounts_signature_0211011118128132213221312321421521.png
09-13	09-13_Time_Machine_24_World_War_I_Flying_Ace_txt_signature_0211011118128132213221312321421521.png
09-14	09-14_Time_Machine_Special_Edition_World_War_II_Code_Breaker_txt_nocounts_signature_011101111612152110223312321.png
09-14	09-14_Time_Machine_Special_Edition_World_War_II_Code_Breaker_txt_signature_011101111612152110223312321.png
09-15	09-15_Time_Traveler_01_Voyage_With_Columbus_txt_nocounts_signature_0111011120128213312321.png
09-15	09-15_Time_Traveler_01_Voyage_With_Columbus_txt_signature_0111011120128213312321.png
09-16	09-16_Time_Traveler_02_Legend_of_Hiawatha_The_txt_nocounts_signature_0111011114126213224323.png
09-16	09-16_Time_Traveler_02_Legend_of_Hiawatha_The_txt_signature_0111011114126213224323.png
09-17	09-17_Time_Traveler_03_First_Settlers_The_txt_nocounts_signature_011021102118125131212225323411.png
09-17	09-17_Time_Traveler_03_First_Settlers_The_txt_signature_011021102118125131212225323411.png
09-18	09-18_Time_Traveler_04_Amazing_Ben_Franklin_The_txt_nocounts_signature_0111011161211222314411.png
09-18	09-18_Time_Traveler_04_Amazing_Ben_Franklin_The_txt_signature_0111011161211222314411.png
09-19	09-19_Time_Traveler_05_Paul_Revere_and_the_Boston_Tea_Party_txt_nocounts_signature_011101119126215223321.png
09-19	09-19_Time_Traveler_05_Paul_Revere_and_the_Boston_Tea_Party_txt_signature_011101119126215223321.png
09-20	09-20_Time_Traveler_06_George_Washington_and_the_Constitution_txt_nocounts_signature_0111011111125213222322.png
09-20	09-20_Time_Traveler_06_George_Washington_and_the_Constitution_txt_signature_0111011111125213222322.png
09-21	09-21_Be_An_Interplanetary_Spy_01_Find_the_Kirillian_txt_nocounts_signature_101311551217136202212221312601.png
09-21	09-21_Be_An_Interplanetary_Spy_01_Find_the_Kirillian_txt_signature_101311551217136202212221312601.png
09-23	09-23_Be_An_Interplanetary_Spy_02_Galactic_Pirate_The_txt_nocounts_signature_011101611421235132207211221303.png
09-23	09-23_Be_An_Interplanetary_Spy_02_Galactic_Pirate_The_txt_signature_011101611421235132207211221303.png
09-24	09-24_Be_An_Interplanetary_Spy_03_Robot_World_txt_nocounts_signature_031101311261227135141204304311341401451601.png
09-24	09-24_Be_An_Interplanetary_Spy_03_Robot_World_txt_signature_031101311261227135141204304311341401451601.png
09-25	09-25_Be_An_Interplanetary_Spy_04_Space_Olympics_txt_nocounts_signature_02110911161219133202223304311.png
09-25	09-25_Be_An_Interplanetary_Spy_04_Space_Olympics_txt_signature_02110911161219133202223304311.png
09-26	09-26_Be_An_Interplanetary_Spy_05_Monsters_of_Doorna_txt_nocounts_signature_011021101411311223132207221231301331.png
09-26	09-26_Be_An_Interplanetary_Spy_05_Monsters_of_Doorna_txt_signature_011021101411311223132207221231301331.png
09-27	09-27_Be_an_Interplanetary_Spy_06_The_Star_Crystal_txt_nocounts_signature_014102111191219132211301311.png
09-27	09-27_Be_an_Interplanetary_Spy_06_The_Star_Crystal_txt_signature_014102111191219132211301311.png
09-28	09-28_Be_an_Interplanetary_Spy_07_Rebel_Spy_txt_nocounts_signature_021101911441222131202213223.png
09-28	09-28_Be_an_Interplanetary_Spy_07_Rebel_Spy_txt_signature_021101911441222131202213223.png
09-29	09-29_Be_an_Interplanetary_Spy_08_Mission_to_Microworld_txt_nocounts_signature_011102411411225131201213341.png
09-29	09-29_Be_an_Interplanetary_Spy_08_Mission_to_Microworld_txt_signature_011102411411225131201213341.png
09-30	09-30_Be_an_Interplanetary_Spy_09_Ultraheroes_txt_nocounts_signature_021101811531220214225.png
09-30	09-30_Be_an_Interplanetary_Spy_09_Ultraheroes_txt_signature_021101811531220214225.png
09-31	09-31_Be_an_Interplanetary_Spy_10_Planet_Hunters_txt_nocounts_signature_021102511511225212222.png
09-31	09-31_Be_an_Interplanetary_Spy_10_Planet_Hunters_txt_signature_021102511511225212222.png
09-32	09-32_Be_an_Interplanetary_Spy_11_The_Red_Rocket_txt_nocounts_signature_011021102611451224131201211.png
09-32	09-32_Be_an_Interplanetary_Spy_11_The_Red_Rocket_txt_signature_011021102611451224131201211.png
09-33	09-33_Be_an_Interplanetary_Spy_12_Skystalker_txt_nocounts_signature_011022102011511217132141202215221231321.png
09-33	09-33_Be_an_Interplanetary_Spy_12_Skystalker_txt_signature_011022102011511217132141202215221231321.png
09-34	09-34_Which_Way_Books_01_The_Castle_of_No_Return_txt_nocounts_signature_0211029111912332012210231311323.png
09-34	09-34_Which_Way_Books_01_The_Castle_of_No_Return_txt_signature_0211029111912332012210231311323.png
09-35	09-35_Which_Way_Books_02_Vampires_Spies_and_Alien_Beings_txt_nocounts_signature_031103111221231131214229321.png
09-35	09-35_Which_Way_Books_02_Vampires_Spies_and_Alien_Beings_txt_signature_031103111221231131214229321.png
09-37	09-37_Which_Way_Books_03_The_Spell_of_the_Black_Raven_txt_nocounts_signature_021103311251236201211223322.png
09-37	09-37_Which_Way_Books_03_The_Spell_of_the_Black_Raven_txt_signature_021103311251236201211223322.png
09-38	09-38_Which_Way_Books_04_Famous_and_Rich_txt_nocounts_signature_031104211231241201211223231331.png
09-38	09-38_Which_Way_Books_04_Famous_and_Rich_txt_signature_031104211231241201211223231331.png
09-40	09-40_Which_Way_Books_05_Lost_In_A_Strange_Land_txt_nocounts_signature_031104211281239224.png
09-40	09-40_Which_Way_Books_05_Lost_In_A_Strange_Land_txt_signature_031104211281239224.png
09-41	09-41_Which_Way_Books_06_Sugarcane_Island_txt_nocounts_signature_021103711161240131202211225231521.png
09-41	09-41_Which_Way_Books_06_Sugarcane_Island_txt_signature_021103711161240131202211225231521.png
09-42	09-42_Which_Way_Books_07_Curse_of_the_Sunken_Treasure_txt_nocounts_signature_021103711171233141211226.png
09-42	09-42_Which_Way_Books_07_Curse_of_the_Sunken_Treasure_txt_signature_021103711171233141211226.png
10-01	10-01_WWY_01_Forest_of_Twisted_Dreams_The_txt_nocounts_signature_011101411391221133141202213222311332341611621.png
10-01	10-01_WWY_01_Forest_of_Twisted_Dreams_The_txt_signature_011101411391221133141202213222311332341611621.png
10-03	10-03_WWY_02_Siege_of_the_Dragonriders_The_txt_nocounts_signature_011101811401221134141214221311901.png
10-03	10-03_WWY_02_Siege_of_the_Dragonriders_The_txt_signature_011101811401221134141214221311901.png
10-04	10-04_WWY_03_Who_Kidnapped_Princess_Saralinda_txt_nocounts_signature_011101711351227141201218221231321351411631.png
10-04	10-04_WWY_03_Who_Kidnapped_Princess_Saralinda_txt_signature_011101711351227141201218221231321351411631.png
10-06	10-06_WWY_04_Ghost_Knights_of_Camelot_txt_nocounts_signature_011021101911301217136142161203215223231312322401511.png
10-06	10-06_WWY_04_Ghost_Knights_of_Camelot_txt_signature_011021101911301217136142161203215223231312322401511.png
10-08	10-08_WWY_05_Haunted_Castle_of_Ravencurse_The_txt_nocounts_signature_011101911281228135202213313411511.png
10-08	10-08_WWY_05_Haunted_Castle_of_Ravencurse_The_txt_signature_011101911281228135202213313411511.png
10-23	10-23_Nintendo_Adventures_01_Double_Trouble_txt_nocounts_signature_01110411751214136219221301313322411.png
10-23	10-23_Nintendo_Adventures_01_Double_Trouble_txt_signature_01110411751214136219221301313322411.png
10-25	10-25_Nintendo_Adventures_02_Leaping_Lizards_txt_nocounts_signature_01110611811215133216221301314341.png
10-25	10-25_Nintendo_Adventures_02_Leaping_Lizards_txt_signature_01110611811215133216221301314341.png
10-52	10-52_Zork_03_Cavern_of_Doom_The_txt_nocounts_signature_011101711531213133142216411.png
10-52	10-52_Zork_03_Cavern_of_Doom_The_txt_signature_011101711531213133142216411.png
10-53	10-53_Zork_04_Conquest_at_Quendor_txt_nocounts_signature_012101511481211135151202214221312.png
10-53	10-53_Zork_04_Conquest_at_Quendor_txt_signature_012101511481211135151202214221312.png
10-54	10-54_TwistaPlot_01_Time_Raider_The_txt_nocounts_signature_011102111291223132202212223231311.png
10-54	10-54_TwistaPlot_01_Time_Raider_The_txt_signature_011102111291223132202212223231311.png
10-56	10-56_TwistaPlot_03_Formula_for_Trouble_The_txt_nocounts_signature_011102611461222133201213222232.png
10-56	10-56_TwistaPlot_03_Formula_for_Trouble_The_txt_signature_011102611461222133201213222232.png
10-60	10-60_TwistaPlot_07_Video_Avenger_txt_nocounts_signature_011102411191231131202212224312331.png
10-60	10-60_TwistaPlot_07_Video_Avenger_txt_signature_011102411191231131202212224312331.png
10-68	10-68_TwistaPlot_15_Spellcaster_txt_nocounts_signature_011102511311222132201211221232321.png
10-68	10-68_TwistaPlot_15_Spellcaster_txt_signature_011102511311222132201211221232321.png
10-68	10-68_TwistaPlot_15_Spellcaster--Endings_txt_nocounts_signature_011102511311222132201211221232321.png
10-68	10-68_TwistaPlot_15_Spellcaster--Endings_txt_signature_011102511311222132201211221232321.png
10-68	10-68_TwistaPlot_15_Spellcaster--Illustrations_txt_nocounts_signature_011102811281225133202211221232321.png
10-68	10-68_TwistaPlot_15_Spellcaster--Illustrations_txt_signature_011102811281225133202211221232321.png
10-68	10-68_TwistaPlot_15_Spellcaster--Theme_txt_nocounts_signature_011102511311222132201211221232321.png
10-68	10-68_TwistaPlot_15_Spellcaster--Theme_txt_signature_011102511311222132201211221232321.png
10-72	10-72_Explorer_01_Journey_to_the_Center_of_the_Atom_txt_nocounts_signature_01110711621217216311411.png
10-72	10-72_Explorer_01_Journey_to_the_Center_of_the_Atom_txt_signature_01110711621217216311411.png
10-72	10-72v2_Explorer_01_Journey_to_the_Center_of_the_Atom_compressed_txt_nocounts_signature_01110711111213213223321411.png
10-72	10-72v2_Explorer_01_Journey_to_the_Center_of_the_Atom_compressed_txt_signature_01110711111213213223321411.png
10-73	10-73_Explorer_02_Destination_Brain_txt_nocounts_signature_01110711671211131217.png
10-73	10-73_Explorer_02_Destination_Brain_txt_signature_01110711671211131217.png
10-73	10-73_Explorer_02_Destination_Brain--compressed_txt_nocounts_signature_011106119128201212223231.png
10-73	10-73_Explorer_02_Destination_Brain--compressed_txt_signature_011106119128201212223231.png
10-74	10-74_Explorer_03_In_Search_of_a_Shark_txt_nocounts_signature_011101011571217218.png
10-74	10-74_Explorer_03_In_Search_of_a_Shark_txt_signature_011101011571217218.png
10-75	10-75_Explorer_04_Escape_from_Jupiter_txt_nocounts_signature_01110101173129131212221.png
10-75	10-75_Explorer_04_Escape_from_Jupiter_txt_signature_01110101173129131212221.png
11-01	11-01_Star_Challenge_01_Planets_in_Peril_txt_nocounts_signature_0111016114912392012201.png
11-01	11-01_Star_Challenge_01_Planets_in_Peril_txt_signature_0111016114912392012201.png
11-02	11-02_Star_Challenge_02_Android_Invasion_The_txt_nocounts_signature_0111018114412372001.png
11-02	11-02_Star_Challenge_02_Android_Invasion_The_txt_signature_0111018114412372001.png
11-03	11-03_Star_Challenge_03_Cosmic_Funhouse_The_txt_nocounts_signature_0111012115012402012122501.png
11-03	11-03_Star_Challenge_03_Cosmic_Funhouse_The_txt_signature_0111012115012402012122501.png
11-04	11-04_Star_Challenge_05_Galactic_Raiders_txt_nocounts_signature_0111014115412361312501.png
11-04	11-04_Star_Challenge_05_Galactic_Raiders_txt_signature_0111014115412361312501.png
11-05	11-05_Star_Challenge_06_Weird_Zone_The_txt_nocounts_signature_0111014115712321312212101.png
11-05	11-05_Star_Challenge_06_Weird_Zone_The_txt_signature_0111014115712321312212101.png
11-07	11-07_Star_Challenge_07_Dimension_of_Doom_txt_nocounts_signature_0111023114112392221701.png
11-07	11-07_Star_Challenge_07_Dimension_of_Doom_txt_signature_0111023114112392221701.png
11-08	11-08_Star_Challenge_08_Lost_Planet_The_txt_nocounts_signature_0111012114312431312022112213214012401.png
11-08	11-08_Star_Challenge_08_Lost_Planet_The_txt_signature_0111012114312431312022112213214012401.png
11-09	11-09_Star_Challenge_09_Moons_of_Mystery_txt_nocounts_signature_0111024113912411801.png
11-09	11-09_Star_Challenge_09_Moons_of_Mystery_txt_signature_0111024113912411801.png
11-10	11-10_Star_Challenge_10_Haunted_Planet_The_txt_nocounts_signature_0110211018115012331322312301.png
11-10	11-10_Star_Challenge_10_Haunted_Planet_The_txt_signature_0110211018115012331322312301.png
11-11	11-11_EFT_01_Tenopia_Island_txt_nocounts_signature_0121041112126132141212221223132482522613113223373423514234364434515115215315415516216316416517217419319911091101011110112111.png
11-11	11-11_EFT_01_Tenopia_Island_txt_signature_0121041112126132141212221223132482522613113223373423514234364434515115215315415516216316416517217419319911091101011110112111.png
11-11	11-11v2_EFT_01_Tenopia_Island_no_maps_txt_nocounts_signature_01204105109201021031115125131111121122214239242251311328333341429433441511521531541622631721731921.png
11-11	11-11v2_EFT_01_Tenopia_Island_no_maps_txt_signature_01204105109201021031115125131111121122214239242251311328333341429433441511521531541622631721731921.png
11-11	11-11v3_EFT_01_Tenopia_Island_no_maps_simplified_txt_nocounts_signature_01210311251217139142151212229233241311326334341424441511522532621631721821.png
11-11	11-11v3_EFT_01_Tenopia_Island_no_maps_simplified_txt_signature_01210311251217139142151212229233241311326334341424441511522532621631721821.png
11-12	11-12_EFT_02_Trapped_in_the_Sea_Kingdom_txt_nocounts_signature_011102113312271341422152272322413133211411422431521621921.png
11-12	11-12_EFT_02_Trapped_in_the_Sea_Kingdom_txt_signature_011102113312271341422152272322413133211411422431521621921.png
11-13	11-13_EFT_03_Terror_on_Kabran_txt_nocounts_signature_011103112512261341432142211241328341413421511523622.png
11-13	11-13_EFT_03_Terror_on_Kabran_txt_signature_011103112512261341432142211241328341413421511523622.png
11-14	11-14_EFT_04_Star_System_Tenopia_txt_nocounts_signature_01110211441222137141216221231311327411424512611.png
11-14	11-14_EFT_04_Star_System_Tenopia_txt_signature_01110211441222137141216221231311327411424512611.png
11-15	11-15_EFKF_01_Castle_of_Frome_The_txt_nocounts_signature_011021101113512241421522172282322423153263424124234316311121.png
11-15	11-15_EFKF_01_Castle_of_Frome_The_txt_signature_011021101113512241421522172282322423153263424124234316311121.png
11-16	11-16_EFKF_02_The_Forest_of_the_King_txt_nocounts_signature_01110111441224134141214226234315327331411422431511522.png
11-16	11-16_EFKF_02_The_Forest_of_the_King_txt_signature_01110111441224134141214226234315327331411422431511522.png
11-17	11-17_EFKF_02_The_Caverns_of_Mornas_txt_nocounts_signature_0110211011143122013221112211324332411424.png
11-17	11-17_EFKF_02_The_Caverns_of_Mornas_txt_signature_0110211011143122013221112211324332411424.png
11-19	11-19_EFKF_04_The_Battle_of_Astar_txt_nocounts_signature_011103113812221352132212231312327411422522532.png
11-19	11-19_EFKF_04_The_Battle_of_Astar_txt_signature_011103113812221352132212231312327411422522532.png
11-20	11-20_YAA_01_The_Castle_of_Doom_txt_nocounts_signature_0111021179121226336.png
11-20	11-20_YAA_01_The_Castle_of_Doom_txt_signature_0111021179121226336.png
11-21	11-21_YAA_02_Island_of_Fear_txt_nocounts_signature_0111011180226336.png
11-21	11-21_YAA_02_Island_of_Fear_txt_signature_0111011180226336.png
11-22	11-22_YAA_03_Terror_Under_the_Earth_txt_nocounts_signature_0111011185226336.png
11-22	11-22_YAA_03_Terror_Under_the_Earth_txt_signature_0111011185226336.png
11-23	11-23_YAA_04_The_Dragonmaster_txt_nocounts_signature_0111011189226336.png
11-23	11-23_YAA_04_The_Dragonmaster_txt_signature_0111011189226336.png
11-24	11-24_YAA_05_Revenge_of_the_Dragonmaster_txt_nocounts_signature_0111011189225337.png
11-24	11-24_YAA_05_Revenge_of_the_Dragonmaster_txt_signature_0111011189225337.png
11-25	11-25_Scream_Shop_01_Abracadanger_txt_nocounts_signature_011101911941222211411.png
11-25	11-25_Scream_Shop_01_Abracadanger_txt_signature_011101911941222211411.png
11-26	11-26_Scream_Shop_02_Now_You_See_Me_Now_You_Dont_txt_nocounts_signature_011102111951222201.png
11-26	11-26_Scream_Shop_02_Now_You_See_Me_Now_You_Dont_txt_signature_011102111951222201.png
11-27	11-27_Scream_Shop_03_Eye_Spy_Aliens_txt_nocounts_signature_0111020111001219.png
11-27	11-27_Scream_Shop_03_Eye_Spy_Aliens_txt_signature_0111020111001219.png
11-28	11-28_Scream_Shop_04_Revenge_of_the_Gargoyle_txt_nocounts_signature_011102011991218131211.png
11-28	11-28_Scream_Shop_04_Revenge_of_the_Gargoyle_txt_signature_011102011991218131211.png
13-01	13-01_PYOHS_--_Craven_House_Horrors_116_txt_nocounts_signature_011102911541222133.png
13-01	13-01_PYOHS_--_Craven_House_Horrors_116_txt_signature_011102911541222133.png
13-09	13-09_PIYAS_--_Staying_Alive_152_txt_nocounts_signature_011101311931228131202215224313411.png
13-09	13-09_PIYAS_--_Staying_Alive_152_txt_signature_011101311931228131202215224313411.png
13-10	13-10_PIYAS_--_Star_Trek_III_117_one_ending_txt_nocounts_signature_011101117612281322173112411.png
13-10	13-10_PIYAS_--_Star_Trek_III_117_one_ending_txt_signature_011101117612281322173112411.png
13-11	13-11_PIYAS_--_Star_Trek_II_126_txt_nocounts_signature_011102111721225131214311321.png
13-11	13-11_PIYAS_--_Star_Trek_II_126_txt_signature_011102111721225131214311321.png
13-12	13-12_Storytrails_--_Stone_of_Badda_txt_nocounts_signature_0111041114128131201213223322.png
13-12	13-12_Storytrails_--_Stone_of_Badda_txt_signature_0111041114128131201213223322.png
13-19	13-19_Rollercoaster_Tycoon_--_Sudden_Turn_txt_nocounts_signature_011102311741218132.png
13-19	13-19_Rollercoaster_Tycoon_--_Sudden_Turn_txt_signature_011102311741218132.png
13-25	13-25_IYC_--_Serenas_Secret_80_txt_nocounts_signature_01210711571210213311.png
13-25	13-25_IYC_--_Serenas_Secret_80_txt_signature_01210711571210213311.png
13-28	13-28_Powerpuff_Girls_--_Career-Day_Blossom_64_txt_nocounts_signature_0111143128132211311401711.png
13-28	13-28_Powerpuff_Girls_--_Career-Day_Blossom_64_txt_signature_0111143128132211311401711.png
13-56	13-56B_Survivor_--_Thailand_txt_nocounts_signature_011106118012281322116223315321.png
13-56	13-56B_Survivor_--_Thailand_txt_signature_011106118012281322116223315321.png
13-60	13-60_Troll_AA_--_Cosmic_Kidnappers_116_remediates_computer_functions_txt_nocounts_signature_103611271233141221.png
13-60	13-60_Troll_AA_--_Cosmic_Kidnappers_116_remediates_computer_functions_txt_signature_103611271233141221.png
13-61	13-61_Troll_AA_--_Target_Earth_116_txt_nocounts_signature_031103411261235202.png
13-61	13-61_Troll_AA_--_Target_Earth_116_txt_signature_031103411261235202.png
13-62	13-62_Troll_AA_--_Town_in_Terror_116_txt_nocounts_signature_021103411221238203.png
13-62	13-62_Troll_AA_--_Town_in_Terror_116_txt_signature_021103411221238203.png
13-63	13-63_Troll_AA_--_Thieves_from_Space_118_txt_nocounts_signature_011103411321230132211.png
13-63	13-63_Troll_AA_--_Thieves_from_Space_118_txt_signature_011103411321230132211.png
13-66	13-66_Troll_FA_--_Secret_of_the_Old_Museum_99_interesting_middle_branch_txt_nocounts_signature_021102811181225133202211223.png
13-66	13-66_Troll_FA_--_Secret_of_the_Old_Museum_99_interesting_middle_branch_txt_signature_021102811181225133202211223.png
13-67	13-67_Troll_FA_--_Mystery_at_Loch_Ness_99_txt_nocounts_signature_011101811251225201216225.png
13-67	13-67_Troll_FA_--_Mystery_at_Loch_Ness_99_txt_signature_011101811251225201216225.png
13-70	13-70_Troll_FF_--_War_of_the_Wizards_txt_nocounts_signature_012102111591224132219221.png
13-70	13-70_Troll_FF_--_War_of_the_Wizards_txt_signature_012102111591224132219221.png
13-71	13-71_Troll_FF_--_Master_of_Mazes_txt_nocounts_signature_011102911231238131205212225231321.png
13-71	13-71_Troll_FF_--_Master_of_Mazes_txt_signature_011102911231238131205212225231321.png
13-72	13-72_Troll_FF_--_Magicians_Ring_txt_nocounts_signature_012102011651218136141217312401.png
13-72	13-72_Troll_FF_--_Magicians_Ring_txt_signature_012102011651218136141217312401.png
13-73	13-73__Troll_FF_--_Forbidden_Towers_124_txt_nocounts_signature_011101111401232151201216229231301323331411511522.png
13-73	13-73__Troll_FF_--_Forbidden_Towers_124_txt_signature_011101111401232151201216229231301323331411511522.png
13-74	13-74_Troll_SIY_--_Mystery_at_the_Bike_Race_122_txt_nocounts_signature_011102411661222131211.png
13-74	13-74_Troll_SIY_--_Mystery_at_the_Bike_Race_122_txt_signature_011102411661222131211.png
13-76	13-76_Troll_SIY_--_Missing_Rock_Star_Caper_117_txt_nocounts_signature_011102711591224131221.png
13-76	13-76_Troll_SIY_--_Missing_Rock_Star_Caper_117_txt_signature_011102711591224131221.png
14-01	14-01_What_If_Books_01_Ride_the_Blue_Bazoo_txt_nocounts_signature_011021031103011201217135141212401.png
14-01	14-01_What_If_Books_01_Ride_the_Blue_Bazoo_txt_signature_011021031103011201217135141212401.png
14-02	14-02_What_If_Books_02_Follow_the_Lone_Cry_txt_nocounts_signature_011102411321218134201211.png
14-02	14-02_What_If_Books_02_Follow_the_Lone_Cry_txt_signature_011102411321218134201211.png
14-03	14-03_What_If_Books_03_Sneek_Behind_Enemy_Lines_txt_nocounts_signature_011104311331237131141.png
14-03	14-03_What_If_Books_03_Sneek_Behind_Enemy_Lines_txt_signature_011104311331237131141.png
14-04	14-04_What_If_Books_04_Accept_the_Royal_Challenge_txt_nocounts_signature_011103611331229133.png
14-04	14-04_What_If_Books_04_Accept_the_Royal_Challenge_txt_signature_011103611331229133.png
14-05	14-05_Turning_Points_01_Friends_Forever_txt_nocounts_signature_0111021111121.png
14-05	14-05_Turning_Points_01_Friends_Forever_txt_signature_0111021111121.png
14-06	14-06_Turning_Points_02_Kerrys_Dance_txt_nocounts_signature_011102119121.png
14-06	14-06_Turning_Points_02_Kerrys_Dance_txt_signature_011102119121.png
14-07	14-07_Turning_Points_03_Valentine_for_Betsy_txt_nocounts_signature_0111021115121.png
14-07	14-07_Turning_Points_03_Valentine_for_Betsy_txt_signature_0111021115121.png
14-08	14-08_Turning_Points_04_Forget_Me_Not_txt_nocounts_signature_0111021110121.png
14-08	14-08_Turning_Points_04_Forget_Me_Not_txt_signature_0111021110121.png
14-09	14-09_Turning_Points_05_Keep_Tomorrow_for_Me_txt_nocounts_signature_011102118121.png
14-09	14-09_Turning_Points_05_Keep_Tomorrow_for_Me_txt_signature_011102118121.png
14-10	14-10_Follow_Your_Heart_Romance_01_Summer_in_the_Sun_txt_nocounts_signature_021102811591228212.png
14-10	14-10_Follow_Your_Heart_Romance_01_Summer_in_the_Sun_txt_signature_021102811591228212.png
14-11	14-11_Follow_Your_Heart_Romance_04_Sun_Sea_and_Boys_txt_nocounts_signature_011102311751220131.png
14-11	14-11_Follow_Your_Heart_Romance_04_Sun_Sea_and_Boys_txt_signature_011102311751220131.png
14-12	14-12_Follow_Your_Heart_Romance_08_Lots_of_Boys_txt_nocounts_signature_011102311711222.png
14-12	14-12_Follow_Your_Heart_Romance_08_Lots_of_Boys_txt_signature_011102311711222.png
14-13	14-13_Follow_Your_Heart_Romance_10_Seven_Boy_Vacation_txt_nocounts_signature_011102011781219.png
14-13	14-13_Follow_Your_Heart_Romance_10_Seven_Boy_Vacation_txt_signature_011102011781219.png
14-14	14-14_Dream_Your_Own_Romance_02_Holiday_Romance_txt_nocounts_signature_011101811771220213.png
14-14	14-14_Dream_Your_Own_Romance_02_Holiday_Romance_txt_signature_011101811771220213.png
14-15	14-15_Make_Your_Dreams_Come_True_--_Angies_Choice_txt_nocounts_signature_01110711184126.png
14-15	14-15_Make_Your_Dreams_Come_True_--_Angies_Choice_txt_signature_01110711184126.png
14-15	14-15_Make_Your_Dreams_Come_True_01_Angies_Choice_txt_nocounts_signature_01110711184126.png
14-15	14-15_Make_Your_Dreams_Come_True_01_Angies_Choice_txt_signature_01110711184126.png
14-16	14-16_Make_Your_Dreams_Come_True_02_Winning_at_Love_txt_nocounts_signature_01110611169125.png
14-16	14-16_Make_Your_Dreams_Come_True_02_Winning_at_Love_txt_signature_01110611169125.png
14-17	14-17_Make_Your_Dreams_Come_True_--_Worthy_Opponents_txt_nocounts_signature_01110711166126.png
14-17	14-17_Make_Your_Dreams_Come_True_--_Worthy_Opponents_txt_signature_01110711166126.png
14-18	14-18_Make_Your_Dreams_Come_True_--_Dream_Date_txt_nocounts_signature_01110611169125.png
14-18	14-18_Make_Your_Dreams_Come_True_--_Dream_Date_txt_signature_01110611169125.png
14-21	14-21_Pick_Your_Own_Dream_Date_--_Saturday_Night_Bash_The_txt_nocounts_signature_011101611881216211221.png
14-21	14-21_Pick_Your_Own_Dream_Date_--_Saturday_Night_Bash_The_txt_signature_011101611881216211221.png
14-22	14-22_Pick_Your_Own_Dream_Date_--_Spring_Break_txt_nocounts_signature_011101711831219213.png
14-22	14-22_Pick_Your_Own_Dream_Date_--_Spring_Break_txt_signature_011101711831219213.png
14-23	14-23_Confidentially_Yours_--_Confidentially_Yours_txt_nocounts_signature_01210511121121131.png
14-23	14-23_Confidentially_Yours_--_Confidentially_Yours_txt_signature_01210511121121131.png
14-24	14-24_Confidentially_Yours_--_Breaking_Up_is_Hard_to_Do_txt_nocounts_signature_0121041198122.png
14-24	14-24_Confidentially_Yours_--_Breaking_Up_is_Hard_to_Do_txt_signature_0121041198122.png
14-25	14-25_Date_with_Destiny_Adventures_--_Escape_From_Fire_Island_txt_nocounts_signature_012102811411232131141214222301312.png
14-25	14-25_Date_with_Destiny_Adventures_--_Escape_From_Fire_Island_txt_signature_012102811411232131141214222301312.png
14-26	14-26_Date_with_Destiny_Adventures_--_Night_of_a_Thousand_Boyfriends_txt_nocounts_signature_011102611421226136202217223311.png
14-26	14-26_Date_with_Destiny_Adventures_--_Night_of_a_Thousand_Boyfriends_txt_signature_011102611421226136202217223311.png
14-27	14-27_Find_Your_Fate_-_Jem_01_Jewels_in_the_Dark_txt_nocounts_signature_011101311401214211223761.png
14-27	14-27_Find_Your_Fate_-_Jem_01_Jewels_in_the_Dark_txt_signature_011101311401214211223761.png
14-28	14-28_Find_Your_Fate_-_Jem_--_Video_Caper_The_txt_nocounts_signature_012101111451212201211.png
14-28	14-28_Find_Your_Fate_-_Jem_--_Video_Caper_The_txt_signature_012101111451212201211.png
14-29	14-29_Find_Your_Fate_-_Jem_--_Secret_of_Rainbow_Island_txt_nocounts_signature_0111081158125131.png
14-29	14-29_Find_Your_Fate_-_Jem_--_Secret_of_Rainbow_Island_txt_signature_0111081158125131.png
14-32	14-32_Ghostwriter_--_Match_of_Wills_txt_nocounts_signature_0111011190124132214312.png
14-32	14-32_Ghostwriter_--_Match_of_Wills_txt_signature_0111011190124132214312.png
14-33	14-33_Ghostwriter_--_Amazement_Park_Adventure_txt_nocounts_signature_021101117121201211561.png
14-33	14-33_Ghostwriter_--_Amazement_Park_Adventure_txt_signature_021101117121201211561.png
14-34	14-34_Sexuality_Decision-_Making_Series_--_Taking_Chance_with_Sex_txt_nocounts_signature_011107111271212214311.png
14-34	14-34_Sexuality_Decision-_Making_Series_--_Taking_Chance_with_Sex_txt_signature_011107111271212214311.png
14-38	14-38_Thrilling_Adventures_in_Space_--_Space_Pilot_txt_nocounts_signature_1071135122113214120221112223241327334431.png
14-38	14-38_Thrilling_Adventures_in_Space_--_Space_Pilot_txt_signature_1071135122113214120221112223241327334431.png
14-40	14-40_Have_Your_Own_Extra-Terrestrial_Adventure_txt_nocounts_signature_01110101165129.png
14-40	14-40_Have_Your_Own_Extra-Terrestrial_Adventure_txt_signature_01110101165129.png
14-41	14-41_You_Can_Be_--_The_Stainless_Steel_Rat_txt_nocounts_signature_015022103111501254134141151214522372343153215334341422442511561741.png
14-41	14-41_You_Can_Be_--_The_Stainless_Steel_Rat_txt_signature_015022103111501254134141151214522372343153215334341422442511561741.png
14-43	14-43_Make_Your_Own_Adventure_With_--_Doctor_Who_The_Garden_of_Evil_txt_nocounts_signature_10111191232112212321.png
14-43	14-43_Make_Your_Own_Adventure_With_--_Doctor_Who_The_Garden_of_Evil_txt_signature_10111191232112212321.png
14-44	14-44_Micro_Adventure_--_Robot_Race_txt_nocounts_signature_01110611100126131201211.png
14-44	14-44_Micro_Adventure_--_Robot_Race_txt_signature_01110611100126131201211.png
14-45	14-45_Star_Challenge_--_The_Exploding_Suns_txt_nocounts_signature_0121014114612381312022112232301.png
14-45	14-45_Star_Challenge_--_The_Exploding_Suns_txt_signature_0121014114612381312022112232301.png
14-48	14-48_Find_Your_Unfortunate_Fate_--Tales_from_the_Crypt-Name_Your_Nightmare_txt_nocounts_signature_01110911911211132217.png
14-48	14-48_Find_Your_Unfortunate_Fate_--Tales_from_the_Crypt-Name_Your_Nightmare_txt_signature_01110911911211132217.png
14-49	14-49_Animorphs_Alternamorphs_--_Next_Passage_The_txt_nocounts_signature_0111021114122226321.png
14-49	14-49_Animorphs_Alternamorphs_--_Next_Passage_The_txt_signature_0111021114122226321.png
14-50	14-50_Animorphs_Alternamorphs_--_First_Journey_txt_nocounts_signature_0111051115121131231333.png
14-50	14-50_Animorphs_Alternamorphs_--_First_Journey_txt_signature_0111051115121131231333.png
14-51	14-51_Paths_of_Doom_--_Sete-Kas_Dream_Quest_txt_nocounts_signature_012102211681221131201211.png
14-51	14-51_Paths_of_Doom_--_Sete-Kas_Dream_Quest_txt_signature_012102211681221131201211.png
14-54	14-54_Make_It_Happen_--_Master_of_the_Past_txt_nocounts_signature_011102611641218135213221.png
14-54	14-54_Make_It_Happen_--_Master_of_the_Past_txt_signature_011102611641218135213221.png
14-58	14-58_Tracker_Books_--_Codebreaker_txt_nocounts_signature_01110211111212217223231301311331.png
14-58	14-58_Tracker_Books_--_Codebreaker_txt_signature_01110211111212217223231301311331.png
14-59	14-59_Tracker_Books_--_Skyjacked_txt_nocounts_signature_0111011191210131143202211224311341421533551621631.png
14-59	14-59_Tracker_Books_--_Skyjacked_txt_signature_0111011191210131143202211224311341421533551621631.png
14-63	14-63_Storymaze_--_The_Golden_Udder_txt_nocounts_signature_0111011192127132214312411.png
14-63	14-63_Storymaze_--_The_Golden_Udder_txt_signature_0111011192127132214312411.png
14-65	14-65_Storymaze_--_Minaotaurs_Maze_The_txt_nocounts_signature_0111011111612321126241.png
14-65	14-65_Storymaze_--_Minaotaurs_Maze_The_txt_signature_0111011111612321126241.png
14-66	14-66_You_Are_There_--_Battle_of_the_Alamo_txt_nocounts_signature_011107111341211215.png
14-66	14-66_You_Are_There_--_Battle_of_the_Alamo_txt_signature_011107111341211215.png